Dist.Name,Latitude,Longitude,"School Name",Address,Dist.Code,Enroll,Free,"% Free",Reduced,"% Reduced",Eligible,"% Eligible",County,"Accuracy Score",Latitude,Longitude,"Accuracy Score"
"Auburn School Department",,,"Auburn Middle School","38 Falcon Dr, Auburn, ME, 04210",1007,519,248,47.78,28,5.39,276,53.18,Androscoggin,0,44.09081175,-70.249326375,1
"Auburn School Department",44.678686,-68.264462,"East Auburn Community School","East Auburn Community School, Maine",1007,189,76,40.21,11,5.82,87,46.03,Androscoggin,0.53,44.678686,-68.264462,0.53
"Auburn School Department",,,"Edward Little High School","77 Harris St, Auburn, ME, 04210",1007,1038,457,44.03,43,4.14,500,48.17,Androscoggin,0,44.096883183673,-70.238213020408,1
"Auburn School Department",,,"Fairview School","397 Mino Ave, Auburn, ME, 04210",1007,554,172,31.05,27,4.87,199,35.92,Androscoggin,0,44.087422,-70.243848,0.33
"Auburn School Department",,,"Park Avenue Elementary School","161 Park Ave, Auburn, ME  04210",1007,368,214,58.15,15,4.08,229,62.23,Androscoggin,0,44.103337196721,-70.247754622951,1
"Auburn School Department",,,"Sherwood Heights Elementary Sch","32 Sherwood Dr, Auburn, ME, 04210",1007,416,226,54.33,19,4.57,245,58.89,Androscoggin,0,44.0773083,-70.227575,1
"Auburn School Department",,,"Walton School","92 Mary Carroll St, Auburn, ME, 04210",1007,280,171,61.07,29,10.36,200,71.43,Androscoggin,0,44.081202,-70.219229,1
"Auburn School Department",46.793032,-68.105233,"Washburn School","Washburn School, Auburn, Maine",1007,270,199,73.7,19,7.04,218,80.74,Androscoggin,0.67,46.697289,-90.904151,0.67
"Becket Family Of Services",,,"Becket - Auburn","Becket - Auburn, Auburn, Maine",5027,6,6,100,0,0,6,100,Androscoggin,0,,,0
"Lewiston School Department",,,"Farwell Elementary School","84-110 Farwell St, Lewiston, ME, 04240",1088,367,216,58.86,17,4.63,233,63.49,Androscoggin,0,44.09188575,-70.19562475,1
"Lewiston School Department",,,"Governor James B Longley Elem Sch","145 Birch St, Lewiston, ME  04240",1088,382,381,99.74,0,0,381,99.74,Androscoggin,0,44.093918183673,-70.208735020408,1
"Lewiston School Department",44.197009,-70.239485,"Lewiston High School","Lewiston High School, Maine",1088,1324,721,54.46,52,3.93,773,58.38,Androscoggin,0.67,44.197009,-70.239485,0.67
"Lewiston School Department",44.197009,-70.239485,"Lewiston Middle School","Lewiston Middle School, Maine",1088,688,439,63.81,31,4.51,470,68.31,Androscoggin,0.67,44.197009,-70.239485,0.67
"Lewiston School Department",,,"Martel School","880 Lisbon St, Lewiston, ME 04240",1088,323,212,65.63,14,4.33,226,69.97,Androscoggin,0,44.083602,-70.201781,1
"Lewiston School Department",,,"Montello School","407 East Ave, Lewiston, ME  04240",1088,678,526,77.58,13,1.92,539,79.5,Androscoggin,0,44.106583,-70.188811,1
"Lewiston School Department",,,"Raymond A. Geiger Elementary School","601 College St, Auburn, ME  04240",1088,739,437,59.13,19,2.57,456,61.71,Androscoggin,0,44.1206545,-70.1921955,1
"Lewiston School Department",,,"Thomas J Mcmahon Elementary Sch","151 North Temple St, Lewiston, ME 04240",1088,645,372,57.67,17,2.64,389,60.31,Androscoggin,0,44.105438,-70.164429,1
"Lisbon School Department",,,"Lisbon Community School","33 Mill St, Lisbon, ME  04250",1092,644,300,46.58,59,9.16,359,55.75,Androscoggin,0,44.017655,-70.0960016,1
"Lisbon School Department",,,"Lisbon High School","2 Sugg Dr, Lisbon, ME  04252",1092,393,135,34.35,57,14.5,192,48.85,Androscoggin,0,44.032476,-70.068046,0.22
"Lisbon School Department",,,"Philip W Sugg Middle School","4 Sugg Dr, LIsbon, ME  04252",1092,268,121,45.15,33,12.31,154,57.46,Androscoggin,0,44.032476,-70.068046,0.22
"N F I North",,,"N.F.I. Dirigo Place","98 Russell St, Lewiston, ME  04240",5099,7,4,57.14,0,0,4,57.14,Androscoggin,0,44.107901,-70.200414,1
"N F I North",,,"N.F.I.Dodge House","15 Wayside Ave, Bridgton, ME  04009",5099,12,12,100,0,0,12,100,Androscoggin,0,44.0600925,-70.711473,1
"New Beginnings",,,"New Beginnings Shelter","436 Main St, Lewiston, ME  04240",5702,12,12,100,0,0,12,100,Androscoggin,0,44.105087,-70.211638,1
"Rsu 04",,,"Oak Hill High School","56 School Rd, Wales, ME  04280",3157,450,175,38.89,36,8,211,46.89,Androscoggin,0,44.119800,-70.107550,0.22
"Rsu 04",,,"Oak Hill Middle School","40 Ball Park Rd, Sabattus, ME  04280",3157,326,154,47.24,32,9.82,186,57.06,Androscoggin,0,44.111940666667,-70.101272708333,1
"Rsu 04",,,"Sabattus Primary School","36 No Name Pond Rd, Sabattus, ME  04280",3157,185,85,45.95,15,8.11,100,54.05,Androscoggin,0,44.118398,-69.979484,1
"Rsu 05",,,"Durham Elementary School","654 Hallowell Rd, Durham, ME  04222",3158,420,89,21.19,24,5.71,113,26.9,Androscoggin,0,43.955109205479,-70.144627885274,0.8
"Rsu 16",,,"Bruce M Whittier Middle School","1457 Maine St, Poland, ME  04274",3163,274,88,32.12,23,8.39,111,40.51,Androscoggin,0,44.073579714286,-70.414011571429,1
"Rsu 16",,,"Elm Street School-Mechanic Falls","129 Elm St, Mechanic Falls, ME",3163,301,143,47.51,17,5.65,160,53.16,Androscoggin,0,44.104016,-70.384549,1
"Rsu 16",,,"Minot Consolidated School","23 Shaw Hill Rd, Minot, ME  04258",3163,261,72,27.59,24,9.2,96,36.78,Androscoggin,0,44.118539809524,-70.331354809524,1
"Rsu 16",,,"Poland Community School","1250 Maine St, Poland, ME  04274",3163,501,184,36.73,36,7.19,220,43.91,Androscoggin,0,44.062214823529,-70.395298568627,1
"Rsu 16",,,"Poland Regional H S","1457 Maine St, Poland, ME  04274",3163,566,184,32.51,38,6.71,222,39.22,Androscoggin,0,44.073579714286,-70.414011571429,1
"Rsu 52/Msad 52",44.951451,-69.246713,"Greene Central School","Greene Central School, Maine",1246,377,122,32.36,26,6.9,148,39.26,Androscoggin,0.53,44.951451,-69.246713,0.53
"Rsu 52/Msad 52",,,"Leavitt Area High School","21 Matthews Way, Turner, ME  04282",1246,625,164,26.24,62,9.92,226,36.16,Androscoggin,0,44.269288555556,-70.226521777778,1
"Rsu 52/Msad 52",,,"Leeds Central School","1185 Maine 106, Leeds, ME  04263",1246,189,75,39.68,19,10.05,94,49.74,Androscoggin,0,44.292089,-70.135366,0.33
"Rsu 52/Msad 52",,,"Tripp Middle School","65 Matthews Way, Turner, ME  04282",1246,299,82,27.42,31,10.37,113,37.79,Androscoggin,0,44.269080777778,-70.227735688889,1
"Rsu 52/Msad 52",,,"Turner Elementary School","91 Matthews Way, Turner, ME  04282",1246,200,61,30.5,20,10,81,40.5,Androscoggin,0,44.268958,-70.228453,1
"Rsu 52/Msad 52",,,"Turner Primary School","59 Cobb Rd, Turner, ME  04282",1246,335,100,29.85,27,8.06,127,37.91,Androscoggin,0,44.271909948718,-70.217833384615,1
"Rsu 73",44.47228,-70.18078,"Livermore Elementary School","Livermore Elementary School, Livermore, Maine",3198,466,273,58.58,33,7.08,306,65.67,Androscoggin,0.67,37.750502,-121.749055,0.67
"Rumford Group Home",,,"Turner Family Support","161 Pleasant Pond Rd, Turner, ME, 04282",5728,4,4,100,0,0,4,100,Androscoggin,0,44.306692909091,-70.233145727273,1
"Spurwink School Inc",,,"Spurwink Services--Auburn","220 Danville Corner, Rd, Auburn, ME  04210",1375,25,14,56,1,4,15,60,Androscoggin,0,,,0
"St Dominic Academy",,,"St Dominick Academy","17 Baird Ave, Lewiston, ME  04240",1360,262,12,4.58,6,2.29,18,6.87,Androscoggin,0,44.080976538462,-70.193036230769,1
"Caswell School Department",,,"Dawn F Barnes Elementary Sch","1025 Van Buren Rd, Caswell, ME  04750",1033,32,26,81.25,2,6.25,28,87.5,Aroostook,0,46.977635692308,-67.822892076923,1
"Connor Consolidated School",,,"Connor Consolidated School","1581 Van Buren Rd, Connor Twp, ME  04736",5602,32,17,53.13,9,28.13,26,81.25,Aroostook,0,46.871355,-68.025442,0.22
"Easton School Department",,,"Easton Elementary School","173 Center Rd, Easton, ME  04740",1053,112,49,43.75,13,11.61,62,55.36,Aroostook,0,46.641909202381,-67.906317869048,1
"Easton School Department",,,"Easton Junior-Senior High Sch","173 Center Rd, Easton, ME  04740",1053,63,22,34.92,8,12.7,30,47.62,Aroostook,0,46.641909202381,-67.906317869048,1
"Madawaska School Department",47.34286,-68.33099,"Madawaska Elementary School","Madawaska Elementary School, Maine",1097,240,90,37.5,17,7.08,107,44.58,Aroostook,0.67,47.342860,-68.330990,0.67
"Madawaska School Department",47.34286,-68.33099,"Madawaska Middle/High School","Madawaska Middle/High School, Maine",1097,240,69,28.75,22,9.17,91,37.92,Aroostook,0.67,47.342860,-68.330990,0.67
"Msad 27",47.04948,-68.58616,"Eagle Lake Elem/Jr High School","Eagle Lake Elem/Jr High School, Maine",1221,56,18,32.14,3,5.36,21,37.5,Aroostook,0.67,47.049480,-68.586160,0.67
"Msad 27",47.26484,-68.58101,"Fort Kent Community High School","Fort Kent Community High School, Maine",1221,336,188,55.95,44,13.1,232,69.05,Aroostook,0.67,47.264840,-68.581010,0.67
"Msad 27",47.26484,-68.58101,"Fort Kent Elementary School","Fort Kent Elementary School, Maine",1221,376,174,46.28,23,6.12,197,52.39,Aroostook,0.67,47.264840,-68.581010,0.67
"Msad 27",,,"St Francis Elementary School","857 Main St, St Francis, ME, 04774",1221,29,20,68.97,1,3.45,21,72.41,Aroostook,0,47.169735344828,-68.894387034483,1
"Msad 27",47.129484,-68.597268,"Wallagrass Elementary School","Wallagrass Elementary School, Wallagrass, Maine",1221,72,38,52.78,8,11.11,46,63.89,Aroostook,0.53,39.491247,-77.343542,0.67
"New Sweden School Department",46.94171,-68.12059,"New Sweden Consolidated School","New Sweden Consolidated School, Maine",1116,64,35,54.69,11,17.19,46,71.88,Aroostook,0.67,46.941710,-68.120590,0.67
"Opportunity Training Center",,,"Opportunity Training Center","25 Lombard St, Presque Isle, ME  04769",1386,25,15,60,4,16,19,76,Aroostook,0,46.715072,-68.012557,0.33
"Rsu 29/Msad 29",,,"Houlton Elementary School","60 South St, Houlton, ME  04730",1223,443,283,63.88,25,5.64,308,69.53,Aroostook,0,46.11173,-67.846707,1
"Rsu 29/Msad 29",,,"Houlton High School","7 Bird St, Houlton, ME  04730",1223,348,143,41.09,34,9.77,177,50.86,Aroostook,0,46.12688,-67.826861,1
"Rsu 29/Msad 29",,,"Houlton Junior High School","Houlton Junior High School, Maine",1223,189,90,47.62,20,10.58,110,58.2,Aroostook,0,,,0
"Rsu 29/Msad 29",,,"Houlton Southside School","65 South St, Houlton, ME  04730",1223,284,141,49.65,29,10.21,170,59.86,Aroostook,0,46.111758055556,-67.846706444444,0.8
"Rsu 29/Msad 29",45.039778,-69.597273,"Wellington School","Wellington School, Maine",1223,67,46,68.66,4,5.97,50,74.63,Aroostook,0.6,45.039778,-69.597273,0.6
"Rsu 32/Msad 32",46.63115,-68.40615,"Ashland District School","Ashland District School, Ashland, Maine",1226,316,145,45.89,34,10.76,179,56.65,Aroostook,0.67,37.673946,-122.084820,0.53
"Rsu 33/Msad 33",,,"Dr Levesque Elementary School","443 U.S. 1, Frenchville, mE  04745",1227,122,55,45.08,4,3.28,59,48.36,Aroostook,0,47.282101,-68.388783,0.33
"Rsu 33/Msad 33",,,"Wisdom Middle High School","368 Main St, St. Agatha, ME  04772",1227,145,47,32.41,17,11.72,64,44.14,Aroostook,0,47.243160555556,-68.313846111111,1
"Rsu 39",,,"Caribou High School","308 Sweden St, Caribou, ME  04736",3174,471,164,34.82,23,4.88,187,39.7,Aroostook,0,46.8646085,-68.031920833333,1
"Rsu 39",,,"Caribou Middle School","21 Glenn St, Caribou, ME  04736",3174,278,104,37.41,18,6.47,122,43.88,Aroostook,0,46.862210666667,-68.006997,1
"Rsu 39",,,"Hilltop Elementary School","19 Marshall Ave, Caribou, ME  04736",3174,306,161,52.61,20,6.54,181,59.15,Aroostook,0,46.8483365,-68.015543333333,1
"Rsu 39",46.892918,-67.9643,"Limestone Community School","Limestone Community School, Limestone, Maine",3174,263,183,69.58,18,6.84,201,76.43,Aroostook,0.67,40.627135,-89.685132,0.53
"Rsu 39",,,"Teague Park School","59 Glenn St, Caribou, ME  04736",3174,246,112,45.53,27,10.98,139,56.5,Aroostook,0,46.8659987,-68.0069771,1
"Rsu 42/Msad 42",44.180965,-70.891727,"Central Aroostook Jr-Sr H S","Central Aroostook Jr-Sr H S, Maine",1236,202,65,32.18,21,10.4,86,42.57,Aroostook,0.67,44.180965,-70.891727,0.67
"Rsu 42/Msad 42",,,"Fort Street School","38 Fort St, Mars Hill, ME, 04758",1236,237,100,42.19,19,8.02,119,50.21,Aroostook,0,46.5232892,-67.866353,0.8
"Rsu 45/Msad 45",46.793032,-68.105233,"Washburn District Elem School","Washburn District Elem School, Maine",1239,267,150,56.18,23,8.61,173,64.79,Aroostook,0.67,46.793032,-68.105233,0.67
"Rsu 45/Msad 45",46.793032,-68.105233,"Washburn District High School","Washburn District High School, Maine",1239,126,49,38.89,13,10.32,62,49.21,Aroostook,0.67,46.793032,-68.105233,0.67
"Rsu 50",,,"So Aroostook Csd School","So Aroostook Csd School, Maine",3199,370,216,58.38,34,9.19,250,67.57,Aroostook,0,,,0
"Rsu 70/Msad 70",,,"Mill Pond School","147 Hodgdon Mills Rd, Hodgdon, ME  04730",1262,343,195,56.85,46,13.41,241,70.26,Aroostook,0,46.055673,-67.862396,1
"Rsu 70/Msad 70",,,"Sad 70 Hodgdon High School","175 Hodgdon Mills Rd, Hodgdon, ME  04730",1262,174,90,51.72,16,9.2,106,60.92,Aroostook,0,46.0543,-67.865219,1
"Rsu 79/Msad 01",,,"Eva Hoyt Zippel School","42 Griffin St, Presque Isle, ME  04769",1196,295,145,49.15,26,8.81,171,57.97,Aroostook,0,46.685459,-68.006266333333,1
"Rsu 79/Msad 01",46.68199,-68.16281,"Mapleton Elementary School","Mapleton Elementary School, Maine",1196,203,68,33.5,6,2.96,74,36.45,Aroostook,0.67,46.681990,-68.162810,0.67
"Rsu 79/Msad 01",,,"Pine Street Elementary School","50 Pine St, Presque Isle, ME  04769",1196,370,202,54.59,13,3.51,215,58.11,Aroostook,0,46.67288025,-68.0090455,1
"Rsu 79/Msad 01",46.715072,-68.012557,"Presque Isle High School","Presque Isle High School, Maine",1196,550,182,33.09,54,9.82,236,42.91,Aroostook,0.67,46.715072,-68.012557,0.67
"Rsu 79/Msad 01",46.715072,-68.012557,"Presque Isle Middle School","Presque Isle Middle School, Maine",1196,434,169,38.94,53,12.21,222,51.15,Aroostook,0.67,46.715072,-68.012557,0.67
"Rsu 86/Msad 20",46.746453,-67.841507,"Fort Fairfield Elementary School","Fort Fairfield Elementary School, Maine",1214,259,155,59.85,21,8.11,176,67.95,Aroostook,0.67,46.746453,-67.841507,0.67
"Rsu 86/Msad 20",46.746453,-67.841507,"Fort Fairfield Middle/High School","Fort Fairfield Middle/High School, Maine",1214,271,130,47.97,27,9.96,157,57.93,Aroostook,0.67,46.746453,-67.841507,0.67
"Rsu 88/Msad 24",47.16608,-67.95308,"Van Buren District Secondary Sch","Van Buren District Secondary Sch, Maine",1218,95,49,51.58,5,5.26,54,56.84,Aroostook,0.67,47.166080,-67.953080,0.67
"Rsu 88/Msad 24",47.16608,-67.95308,"Van Buren Elementary School","Van Buren Elementary School, Maine",1218,217,142,65.44,13,5.99,155,71.43,Aroostook,0.67,47.166080,-67.953080,0.67
"Woodland School Department",45.157019,-67.404717,"Woodland Consolidated Sch","Woodland Consolidated Sch, Maine",1187,134,65,48.51,12,8.96,77,57.46,Aroostook,0.6,45.157019,-67.404717,0.6
"Arthur R. Gould Sch--Lcydc",,,"Arthur R. Gould Sch--Lcydc","675 Westbrook St, South Portland, Me  04104",1296,107,107,100,0,0,107,100,Cumberland,0,43.846490,-70.464839,0.22
"Becket Family Of Services",,,"Becket - Gorham","237 Dingley Spring Rd, Gorham, ME  04038",5027,7,7,100,0,0,7,100,Cumberland,0,43.712087705882,-70.531322441176,1
"Brunswick School Department",43.91172,-69.9405,"Brunswick High School","Brunswick High School, Maine",1026,846,191,22.58,56,6.62,247,29.2,Cumberland,0.67,43.911720,-69.940500,0.67
"Brunswick School Department",43.91172,-69.9405,"Brunswick Jr High School","Brunswick Jr High School, Maine",1026,501,134,26.75,30,5.99,164,32.73,Cumberland,0.67,43.911720,-69.940500,0.67
"Brunswick School Department",,,"Coffin School","20 Barrows St, Brunswick, ME  04011",1026,350,130,37.14,13,3.71,143,40.86,Cumberland,0,43.9011265,-69.97324725,1
"Brunswick School Department",,,"Harriet Beecher Stowe Elementary School","44 McKeen St, Brunswick, ME  04011",1026,694,227,32.71,47,6.77,274,39.48,Cumberland,0,43.907300428571,-69.973077714286,1
"Cape Elizabeth School Department",43.595512,-70.239559,"Cape Elizabeth High School","Cape Elizabeth High School, Maine",1029,554,43,7.76,6,1.08,49,8.84,Cumberland,0.67,43.595512,-70.239559,0.67
"Cape Elizabeth School Department",43.595512,-70.239559,"Cape Elizabeth Middle School","Cape Elizabeth Middle School, Maine",1029,546,34,6.23,7,1.28,41,7.51,Cumberland,0.67,43.595512,-70.239559,0.67
"Cape Elizabeth School Department",43.596473,-70.228658,"Pond Cove Elementary","Pond Cove Elementary, Maine",1029,573,32,5.58,7,1.22,39,6.81,Cumberland,0.6,43.596473,-70.228658,0.6
"Falmouth School Department",,,"Falmouth Elemetary School","58 Woodville Rd, Falmouth, ME  04105",1057,897,43,4.79,14,1.56,57,6.35,Cumberland,0,43.737114774194,-70.273799903226,1
"Falmouth School Department",,,"Falmouth High School","74 Woodville Rd, Falmouth, ME  04105",1057,710,25,3.52,9,1.27,34,4.79,Cumberland,0,43.735346258065,-70.275153967742,1
"Falmouth School Department",,,"Falmouth Middle School","52 Woodville Rd, Falmouth, ME  04105",1057,518,23,4.44,8,1.54,31,5.98,Cumberland,0,43.737777967742,-70.273292129032,1
"Gorham School Department",,,"Gorham High School","41 Morrill Ave, Gorham, ME  04038",1065,855,164,19.18,18,2.11,182,21.29,Cumberland,0,43.6744175,-70.4434125,1
"Gorham School Department",,,"Gorham Middle School","106 Weeks Rd, Gorham, ME  04038",1065,655,117,17.86,15,2.29,132,20.15,Cumberland,0,43.6660082,-70.444602,1
"Gorham School Department",45.049429,-68.581212,"Great Falls Elementary School","Great Falls Elementary School, Maine",1065,529,110,20.79,7,1.32,117,22.12,Cumberland,0.67,45.049429,-68.581212,0.67
"Gorham School Department",,,"Narragansett Elementary School","284 Main St, Gorham, ME  04038",1065,257,67,26.07,9,3.5,76,29.57,Cumberland,0,43.684982,-70.425165,1
"Gorham School Department",,,"Village Elementary School-Gorham","12 Robie St, Gorham, ME 04038",1065,436,75,17.2,2,0.46,77,17.66,Cumberland,0,43.678702666667,-70.439177166667,1
"Holy Cross School S Portland",,,"Holy Cross School-S Portland","436 Broadway, South Portland, ME  04106",1408,142,19,13.38,3,2.11,22,15.49,Cumberland,0,43.636680583333,-70.247455083333,0.8
"Long Island School Department",,,"Long Island Elementary School","Long Island Elementary School, Long Island, Maine, 04050",1135,22,4,18.18,1,4.55,5,22.73,Cumberland,0,,,0
"Me Educational Ctr For The Deaf & Hard Of Hearing",,,"Governor Baxter School For The Deaf","1 Mackworth Island, Falmouth, ME  04105",1297,80,25,31.25,7,8.75,32,40,Cumberland,0,43.739280,-70.270696,0.33
"N F I North",,,"N.F.I. Bridge Crossing","15 Wayside Ave, Bridgton, ME  04009",5099,12,11,91.67,0,0,11,91.67,Cumberland,0,44.0600925,-70.711473,1
"Portland Public Schools",,,"Casco Bay High School","196 Allen Ave, Portland, ME  04103",1134,336,136,40.48,5,1.49,141,41.96,Cumberland,0,43.694148,-70.292231,1
"Portland Public Schools",,,"Deering High School","370 Stevens Ave, Portland, ME  04103",1134,932,468,50.21,35,3.76,503,53.97,Cumberland,0,43.671377333333,-70.295039,1
"Portland Public Schools",44.61617,-70.71479,"East End Community School","East End Community School, Maine",1134,428,317,74.07,11,2.57,328,76.64,Cumberland,0.67,44.616170,-70.714790,0.67
"Portland Public Schools",,,"Fred P Hall School","23 Orono Rd, Portland, ME  04102",1134,449,179,39.87,13,2.9,192,42.76,Cumberland,0,43.677905959184,-70.316131469388,1
"Portland Public Schools",,,"Harrison Lyseth Elem School","175 Auburn St, Portland, ME  04103",1134,519,167,32.18,20,3.85,187,36.03,Cumberland,0,43.7064575,-70.290079,1
"Portland Public Schools",,,"Howard C Reiche Community Sch","166 Brackett St, Portland, ME  04102",1134,364,263,72.25,8,2.2,271,74.45,Cumberland,0,43.651509,-70.268205,1
"Portland Public Schools",,,"King Middle School","92 Deering Ave, Portland, ME  04102",1134,536,269,50.19,21,3.92,290,54.1,Cumberland,0,43.657221625,-70.274056,1
"Portland Public Schools",44.478694,-69.149559,"Lincoln Middle School","522 Stevens Ave, Portland, ME  04103",1134,481,224,46.57,21,4.37,245,50.94,Cumberland,0.67,43.675779222222,-70.294811555556,1
"Portland Public Schools",,,"Longfellow School-Portland","432 Stevens Ave, Portland, ME  04103",1134,369,88,23.85,9,2.44,97,26.29,Cumberland,0,43.67399775,-70.295284916667,1
"Portland Public Schools",,,"Lyman Moore Middle School","171 Auburn St, Portland, ME  04103",1134,501,244,48.7,33,6.59,277,55.29,Cumberland,0,43.70447,-70.28963,1
"Portland Public Schools",,,"Ocean Avenue School","150 Ocean Ave, Portland, ME  04103",1134,438,202,46.12,9,2.05,211,48.17,Cumberland,0,43.676422,-70.281914,1
"Portland Public Schools",43.662809,-70.188442,"Peaks Island School","Peaks Island School, Maine",1134,52,5,9.62,6,11.54,11,21.15,Cumberland,0.67,43.662809,-70.188442,0.67
"Portland Public Schools",43.658784,-70.262393,"Portland High School","Portland High School, Maine",1134,878,422,48.06,34,3.87,456,51.94,Cumberland,0.67,43.658784,-70.262393,0.67
"Portland Public Schools",,,"Presumpscot School","69 Presumpscot St, Portland, ME  04103",1134,282,201,71.28,14,4.96,215,76.24,Cumberland,0,43.683627,-70.260515,1
"Portland Public Schools",,,"Riverton School","1600 Forest Ave, Portland, ME  04103",1134,457,325,71.12,13,2.84,338,73.96,Cumberland,0,43.696804,-70.306649,1
"Rsu 05",44.408078,-70.470703,"Freeport High School","Freeport High School, Maine",3158,516,73,14.15,27,5.23,100,19.38,Cumberland,0.67,44.408078,-70.470703,0.67
"Rsu 05",44.408078,-70.470703,"Freeport Middle School","Freeport Middle School, Maine",3158,300,57,19,11,3.67,68,22.67,Cumberland,0.67,44.408078,-70.470703,0.67
"Rsu 05",43.85758,-70.083661,"Mast Landing School","Mast Landing School, Maine",3158,273,65,23.81,5,1.83,70,25.64,Cumberland,0.53,43.857580,-70.083661,0.53
"Rsu 05",,,"Morse Street School","21 Morse St, Freeport, ME  04032",3158,274,56,20.44,6,2.19,62,22.63,Cumberland,0,43.858818146341,-70.107022073171,1
"Rsu 05",,,"Pownal Elementary School","587 Elmwood Rd, Pownal, ME  04069",3158,80,12,15,0,0,12,15,Cumberland,0,43.895005,-70.190106222222,1
"Rsu 06/ Msad 06",,,"Bonny Eagle High School","700 Saco Rd, Standish, ME  04084",1200,1173,356,30.35,81,6.91,437,37.25,Cumberland,0,43.697807698113,-70.600821471698,1
"Rsu 06/ Msad 06",,,"Edna Libby Elementary School","45 Fort Hill Rd, Standish, ME  04084",1200,287,117,40.77,17,5.92,134,46.69,Cumberland,0,43.804454,-70.554905,0.33
"Rsu 06/ Msad 06",,,"George E Jack School","15 NE Rd, Standish, ME  04084",1200,190,69,36.32,14,7.37,83,43.68,Cumberland,0,43.804454,-70.554905,0.33
"Rsu 06/ Msad 06",43.771934,-70.639561,"Steep Falls Elementary School","Steep Falls Elementary School, Maine",1200,118,40,33.9,8,6.78,48,40.68,Cumberland,0.67,43.771934,-70.639561,0.67
"Rsu 14 Raymond/Windham",,,"Jordan-Small Middle School","423 Webbs Mills Rd, Raymond, ME  04071",3162,188,56,29.79,14,7.45,70,37.23,Cumberland,0,43.936980833333,-70.445718916667,1
"Rsu 14 Raymond/Windham",44.358014,-69.867001,"Manchester School","Manchester School, Maine",3162,401,125,31.17,34,8.48,159,39.65,Cumberland,0.67,44.358014,-69.867001,0.67
"Rsu 14 Raymond/Windham",,,"Raymond Elementary School","434 Webbs Mills Rd, Raymond, ME  04071",3162,232,62,26.72,16,6.9,78,33.62,Cumberland,0,43.935901833333,-70.443715416667,1
"Rsu 14 Raymond/Windham",43.794689,-70.405329,"Windham High School","Windham High School, Maine",3162,1035,293,28.31,80,7.73,373,36.04,Cumberland,0.67,43.794689,-70.405329,0.67
"Rsu 14 Raymond/Windham",43.794689,-70.405329,"Windham Middle School","Windham Middle School, Maine",3162,600,166,27.67,47,7.83,213,35.5,Cumberland,0.67,43.794689,-70.405329,0.67
"Rsu 14 Raymond/Windham",43.794689,-70.405329,"Windham Primary School","Windham Primary School, Maine",3162,819,260,31.75,39,4.76,299,36.51,Cumberland,0.67,43.794689,-70.405329,0.67
"Rsu 15/Msad 15",,,"Burchard A Dunn School","667 Morse Rd, New Gloucester, ME  04260",1209,378,117,30.95,23,6.08,140,37.04,Cumberland,0,43.904834466667,-70.265349466667,1
"Rsu 15/Msad 15",,,"Gray-New Gloucester High School","10 Libby Hill Rd, Gray, ME  04039",1209,509,137,26.92,30,5.89,167,32.81,Cumberland,0,43.901876083333,-70.35791,1
"Rsu 15/Msad 15",,,"Gray-New Gloucester Middle School","31 Libby Hill Rd, Gray, ME  04039",1209,653,196,30.02,48,7.35,244,37.37,Cumberland,0,43.90206077551,-70.354913040816,1
"Rsu 15/Msad 15",,,"Memorial School","86 Intervale Rd, New Gloucester, ME  04260",1209,207,78,37.68,12,5.8,90,43.48,Cumberland,0,43.983707681319,-70.291373879121,1
"Rsu 15/Msad 15",,,"Russell School","8 Gray Park, Gray, ME  04039",1209,287,88,30.66,19,6.62,107,37.28,Cumberland,0,43.878567,-70.328889,0.33
"Rsu 17/Msad 17",,,"Harrison Elementary","309 Naples Rd, Harrison, ME  04040",1211,144,75,52.08,14,9.72,89,61.81,Cumberland,0,44.087090375,-70.67470171875,1
"Rsu 51/Msad 51",,,"Greely High School","303 Main St, Cumberland Center, ME  04021",1245,673,45,6.69,21,3.12,66,9.81,Cumberland,0,43.797886,-70.257511,1
"Rsu 51/Msad 51",,,"Greely Middle School","351 Tuttle Rd, Cumberland, ME  04021",1245,494,39,7.89,13,2.63,52,10.53,Cumberland,0,43.794675666667,-70.254866333333,1
"Rsu 51/Msad 51",,,"Mabel I Wilson School","353 Tuttle Rd, Cumberland, ME  04021",1245,558,55,9.86,11,1.97,66,11.83,Cumberland,0,43.794832333333,-70.255179666667,1
"Rsu 51/Msad 51",43.837951,-70.200114,"North Yarmouth Memorial School","North Yarmouth Memorial School, Maine",1245,325,32,9.85,4,1.23,36,11.08,Cumberland,0.67,43.837951,-70.200114,0.67
"Rsu 55/Msad 55",,,"Baldwin Consolidated School","536 Pequawket Trail, Maine 113, West Baldwin, ME  04091",1249,75,25,33.33,14,18.67,39,52,Cumberland,0,43.833130,-70.777840,0.22
"Rsu 61/Msad 61",,,"Lake Region High School","1877 Roosevelt Trail, Naples, ME  04055",1255,528,206,39.02,43,8.14,249,47.16,Cumberland,0,43.963360473684,-70.569687368421,1
"Rsu 61/Msad 61",,,"Lake Region Middle School","204 Kansas Rd, Naples, ME  04055",1255,393,175,44.53,36,9.16,211,53.69,Cumberland,0,43.920505,-70.629918999999,1
"Rsu 61/Msad 61",,,"Sebago Elementary School","283 Sebago Rd, Sebago, ME  04029",1255,82,37,45.12,7,8.54,44,53.66,Cumberland,0,43.87041268,-70.63327844,1
"Rsu 61/Msad 61",43.975769,-70.639298,"Songo Locks School","25 Songo School Rd, Naples, Me  04055",1255,463,194,41.9,44,9.5,238,51.4,Cumberland,0.53,43.957208,-70.639546,0.33
"Rsu 61/Msad 61",43.613563,-70.9945,"Stevens Brook School","14 Frances Bell Dr, Bridgton, ME  04009",1255,298,167,56.04,20,6.71,187,62.75,Cumberland,0.53,44.067510,-70.725120,0.33
"Rsu 75/Msad 75",43.78105,-69.995537,"Harpswell Islands School","Harpswell Islands School, Maine",1266,166,61,36.75,14,8.43,75,45.18,Cumberland,0.67,43.781050,-69.995537,0.67
"Scarborough School Department",,,"Benjamin Wentworth Intermediate","9 Wentworth Dr, Scarborough, ME  04074",1149,703,101,14.37,30,4.27,131,18.63,Cumberland,0,43.589627,-70.366191,0.33
"Scarborough School Department",43.552306,-70.356438,"Blue Point School","Blue Point School, Maine",1149,232,34,14.66,5,2.16,39,16.81,Cumberland,0.53,43.552306,-70.356438,0.53
"Scarborough School Department",,,"Eight Corners Elementary School","22 Mussey Rd, Scarborough, ME  04074",1149,233,39,16.74,10,4.29,49,21.03,Cumberland,0,43.618140636364,-70.349616363636,1
"Scarborough School Department",45.25672,-69.941728,"Pleasant Hill School","Pleasant Hill School, Maine",1149,166,18,10.84,3,1.81,21,12.65,Cumberland,0.53,45.256720,-69.941728,0.53
"Scarborough School Department",43.589627,-70.366191,"Scarborough High School","Scarborough High School, Maine",1149,1043,115,11.03,41,3.93,156,14.96,Cumberland,0.67,43.589627,-70.366191,0.67
"Scarborough School Department",43.589627,-70.366191,"Scarborough Middle School","Scarborough Middle School, Maine",1149,790,115,14.56,39,4.94,154,19.49,Cumberland,0.67,43.589627,-70.366191,0.67
"South Portland School Department",,,"Daniel F. Mahoney Middle School","240 Ocean St, South Portland, ME  04106",1155,307,91,29.64,23,7.49,114,37.13,Cumberland,0,43.634978309524,-70.252326833333,1
"South Portland School Department",,,"Dora L Small Elementary School","87 Thompson St, South Portland, ME  04106",1155,329,71,21.58,21,6.38,92,27.96,Cumberland,0,43.63915025,-70.231155704545,1
"South Portland School Department",,,"Dyer Elementary School","52 Alfred St, South Portland, ME  04106",1155,269,47,17.47,9,3.35,56,20.82,Cumberland,0,43.62357475,-70.2732029375,1
"South Portland School Department",,,"Frank I Brown Elementary School","37 Highland Ave, South Portland, ME  04106",1155,301,85,28.24,7,2.33,92,30.56,Cumberland,0,43.634633125,-70.2475385,0.8
"South Portland School Department",,,"James Otis Kaler Elementary School","165 South Kelsey St, South Portland, ME  04106",1155,229,128,55.9,15,6.55,143,62.45,Cumberland,0,43.628838516129,-70.26746583871,1
"South Portland School Department",,,"Memorial Middle School","120 Wescott Rd, South Portland, ME  04106",1155,418,138,33.01,21,5.02,159,38.04,Cumberland,0,43.6272359375,-70.3043848125,1
"South Portland School Department",43.84092,-69.65866,"South Portland High School","South Portland High School, South Portland, Maine",1155,852,263,30.87,46,5.4,309,36.27,Cumberland,0.67,43.840920,-69.658660,0.67
"South Portland School Department",,,"Waldo T Skillin Elementary School","180 Wescott Rd, South Portland, ME  04106",1155,398,191,47.99,22,5.53,213,53.52,Cumberland,0,43.625878,-70.306728,1
"Spurwink School Inc",,,"Spurwink-Cummings School","Spurwink-Cummings School, Maine",1375,50,34,68,0,0,34,68,Cumberland,0,,,0
"St Brigid School",,,"St Brigid School","695 Stevens Ave, Portland, ME  04103",3148,377,22,5.84,1,0.27,23,6.1,Cumberland,0,43.681738166667,-70.294024833333,1
"Westbrook School Department",,,"Congin School","410 Bridge St, Westbrook, ME  04092",1175,425,216,50.82,24,5.65,240,56.47,Cumberland,0,43.6890206,-70.360287,1
"Westbrook School Department",,,"Oxford-Cumberland Canal School","102 Glenwood Ave, Westbrook, ME  04092",1175,314,191,60.83,25,7.96,216,68.79,Cumberland,0,43.66948888,-70.35631424,1
"Westbrook School Department",,,"Saccarappa School","110 Huntress Ave, Westbrook, ME  04092",1175,328,194,59.15,25,7.62,219,66.77,Cumberland,0,43.672880516129,-70.376352967742,1
"Westbrook School Department",43.707947,-70.352614,"Westbrook High School","Westbrook High School, Westbrook, Maine",1175,701,300,42.8,52,7.42,352,50.21,Cumberland,0.67,43.707947,-70.352614,0.67
"Westbrook School Department",43.707947,-70.352614,"Westbrook Middle School","Westbrook Middle School, Maine",1175,770,385,50,66,8.57,451,58.57,Cumberland,0.67,43.707947,-70.352614,0.67
"Yarmouth Schools",,,"Frank H Harrison Middle School","220 McCartney St, Yarmouth, ME  04096",1190,472,38,8.05,7,1.48,45,9.53,Cumberland,0,43.7962395,-70.2022685,1
"Yarmouth Schools",,,"William H Rowe School","52 School St, Yarmouth, ME  04096",1190,183,16,8.74,3,1.64,19,10.38,Cumberland,0,43.798227,-70.171979,0.33
"Yarmouth Schools",,,"Yarmouth Elementary School","121 McCartney St, Yarmouth, ME  04096",1190,321,35,10.9,6,1.87,41,12.77,Cumberland,0,43.796383,-70.200443,1
"Yarmouth Schools",,,"Yarmouth High School","286 W. Elm St, Yarmouth, ME  04096",1190,501,33,6.59,8,1.6,41,8.18,Cumberland,0,43.796866,-70.195943,1
"Eustis Public Schools",45.14117,-70.44062,"Stratton Elementary School","Stratton Elementary School, Maine",3229,74,36,48.65,7,9.46,43,58.11,Franklin,0.67,45.141170,-70.440620,0.67
"Rsu 09/ Msad 09",,,"Academy Hill School","585 Depot St, Wilton, ME  04294",1203,177,93,52.54,17,9.6,110,62.15,Franklin,0,44.591161487179,-70.223604589744,1
"Rsu 09/ Msad 09",,,"Cape Cod Hill Elem School","516 Cape Cod Hill Rd, New Sharon, ME  04955",1203,203,85,41.87,17,8.37,102,50.25,Franklin,0,44.61234743299,-70.035486556701,1
"Rsu 09/ Msad 09",,,"Cascade Brook School","162 Learning Ln, Farmington, ME  04938",1203,280,134,47.86,10,3.57,144,51.43,Franklin,0,44.650311,-70.129267,0.33
"Rsu 09/ Msad 09",,,"Gerald D Cushing School","21 Cushing Dr, Wilton, ME  04294",1203,186,100,53.76,11,5.91,111,59.68,Franklin,0,44.618873,-70.245935,0.33
"Rsu 09/ Msad 09",,,"Mt Blue High School","129 Seamon Rd, Farmington, ME  04938",1203,715,282,39.44,60,8.39,342,47.83,Franklin,0,44.639671984043,-70.130977031915,0.8
"Rsu 09/ Msad 09",,,"Mt Blue Middle School","269 Middle St, Farmington, ME  04938",1203,316,135,42.72,26,8.23,161,50.95,Franklin,0,44.67499875,-70.1340785,1
"Rsu 09/ Msad 09",,,"W G Mallett School","116 Middle St, Farmington, ME  04938",1203,464,242,52.16,28,6.03,270,58.19,Franklin,0,44.670390705882,-70.145409941176,1
"Rsu 58/ Msad 58",45.063384,-70.381639,"Kingfield Elementary School","Kingfield Elementary School, Maine",1252,153,53,34.64,17,11.11,70,45.75,Franklin,0.67,45.063384,-70.381639,0.67
"Rsu 58/ Msad 58",,,"Mt Abram Regional High School","1513 Salem Rd, Salem Township, ME  04983",1252,257,103,40.08,42,16.34,145,56.42,Franklin,0,44.881046358586,-70.31481989899,0.8
"Rsu 58/ Msad 58",,,"Phillips Elementary School","1401 Rangeley Rd, Phillips, ME  04966",1252,169,102,60.36,27,15.98,129,76.33,Franklin,0,44.826637878788,-70.35674969697,1
"Rsu 58/ Msad 58",44.814175,-70.187221,"Strong Elementary School","Strong Elementary School, Maine",1252,176,84,47.73,30,17.05,114,64.77,Franklin,0.67,44.814175,-70.187221,0.67
"Rsu 73",,,"Jay Elementary School","12 Tiger Dr, Jay, ME  04239",3198,318,169,53.14,24,7.55,193,60.69,Franklin,0,44.494782854167,-70.2027434375,1
"Rsu 73",,,"Spruce Mountain Hs North Campus (Jay Hs)","33 Community Dr, Jay, ME  04239",3198,486,213,43.83,45,9.26,258,53.09,Franklin,0,44.494032,-70.202573,1
"Rsu 73",,,"Spruce Mountain Middle (Was Jay Middle)","23 Community Dr, Jay, ME  04239",3198,396,208,52.53,34,8.59,242,61.11,Franklin,0,44.49398825,-70.2027089375,1
"Rsu 78 (Rangeley Area)",,,"Rangeley Lakes Regional School","43 Mendolia Rd, Rangeley, ME  04970",3184,190,56,29.47,17,8.95,73,38.42,Franklin,0,44.985998,-70.660181,0.33
"Airline Csd",,,"Airline Community School","26 Great Pond Rd, Aurora, ME  04408",1284,37,15,40.54,4,10.81,19,51.35,Hancock,0,44.8644045,-68.30656575,1
"Bar Harbor School Department",,,"Conners-Emerson School","11 Eagle Lake Rd, Bar Harbor, ME  04609",1012,388,55,14.18,16,4.12,71,18.3,Hancock,0,44.386775166667,-68.216012166667,1
"Blue Hill School Department",,,"Blue Hill Consolidated School","60 High St, Blue Hill, ME  04614",1017,243,73,30.04,10,4.12,83,34.16,Hancock,0,44.414877807692,-68.590074807692,1
"Brooklin School Department",44.258121,-68.567404,"Brooklin School","Brooklin School, Brooklin, ME  04616",1024,65,27,41.54,4,6.15,31,47.69,Hancock,0.67,45.076076,-93.332728,0.6
"Brooksville School Department",44.337581,-68.765568,"Brooksville Elementary School","Brooksville Elementary School, Maine",1025,55,14,25.45,6,10.91,20,36.36,Hancock,0.67,44.337581,-68.765568,0.67
"Castine School Department",,,"Adams School","27 School St, Castine, ME  04421",1032,49,16,32.65,0,0,16,32.65,Hancock,0,44.415639,-68.792883,0.33
"Dedham School Department",,,"Dedham School","2065 Main Rd, Dedham, ME  04429",1046,179,37,20.67,7,3.91,44,24.58,Hancock,0,44.726904111111,-68.907057111111,1
"Deer Isle-Stonington Csd",,,"Deer Isle-Stonington Elementary Sch","249 N. Deer Isle Rd, Deer Isle, ME  04627",1289,220,114,51.82,36,16.36,150,68.18,Hancock,0,44.272949888889,-68.672719333333,1
"Deer Isle-Stonington Csd",,,"Deer Isle-Stonington High Sch","251 N. Deer Isle Rd, Deer Isle, ME  04627",1289,109,47,43.12,8,7.34,55,50.46,Hancock,0,44.272928111111,-68.672719393939,1
"Kids Peace New England",,,"Kids Peace New England","16 Kidspeace Way, Ellsworth, ME  04605",1339,28,21,75,1,3.57,22,78.57,Hancock,0,44.589925479167,-68.435018083333,1
"Mount Desert School Department",,,"Mt Desert Elementary School","8 Joy Rd, Northeast Harbor, ME  04662",1112,185,22,11.89,6,3.24,28,15.14,Hancock,0,44.293598,-68.292751285714,1
"Mount Desert (High School)",,,"Mt Desert Island High School","1081 Eagle Lake Rd, Bar Harbor, ME  04609",1283,532,108,20.3,32,6.02,140,26.32,Hancock,0,44.369406859375,-68.299190625,0.8
"Msad 76",44.15842,-68.42946,"Swans Island Elementary School","Swans Island Elementary School, Maine",1267,36,14,38.89,4,11.11,18,50,Hancock,0.67,44.158420,-68.429460,0.67
"Otis School Department",,,"Beech Hill School - Otis","150 Otis Rd, Otis, ME  04605",1125,92,32,34.78,9,9.78,41,44.57,Hancock,0,44.671778346154,-68.426798423077,1
"Penobscot School Department",44.433911,-68.721716,"Penobscot Elementary School","Penobscot Elementary School, Maine",1128,70,30,42.86,8,11.43,38,54.29,Hancock,0.67,44.433911,-68.721716,0.67
"Rsu 24",,,"Cave Hill School","1205 Eastbrook Rd, Franklkn, ME  04634",3169,86,45,52.33,12,13.95,57,66.28,Hancock,0,44.68538725,-68.285009,0.8
"Rsu 24",44.477935,-68.356311,"Ellsworth Elementary-Middle School","Ellsworth Elementary-Middle School, Maine",3169,830,275,33.13,50,6.02,325,39.16,Hancock,0.67,44.477935,-68.356311,0.67
"Rsu 24",44.477935,-68.356311,"Ellsworth High School","Ellsworth High School, Maine",3169,554,138,24.91,26,4.69,164,29.6,Hancock,0.67,44.477935,-68.356311,0.67
"Rsu 24",44.52924,-68.25363,"Hancock Grammar School","Hancock Grammar School, Maine",3169,213,84,39.44,17,7.98,101,47.42,Hancock,0.67,44.529240,-68.253630,0.67
"Rsu 24",,,"Lamoine Consolidated School","53 Lamoine Beach Rd, Lamoine, ME  04605",3169,103,39,37.86,3,2.91,42,40.78,Hancock,0,44.478588363636,-68.342889181818,1
"Rsu 24",,,"Mountain View School","542 Beroute Gray Rd, Sullivan, ME  04664",3169,264,161,60.98,26,9.85,187,70.83,Hancock,0,44.520360,-68.196680,0.33
"Rsu 24",,,"Peninsula Csd School","71 Main St, Prospect Harbor, ME  04669",3169,211,110,52.13,16,7.58,126,59.72,Hancock,0,44.405872,-68.026578,1
"Rsu 24",,,"Sumner Memorial High School","2456 US HWY 1, Sullivan, ME  04664",3169,250,105,42,27,10.8,132,52.8,Hancock,0,44.520360,-68.196680,0.33
"Rsu 25",,,"Bucksport High School","102 Broadway, Bucksport, ME 04416",3170,293,98,33.45,22,7.51,120,40.96,Hancock,0,44.575844115578,-68.782037738693,1
"Rsu 25",,,"Bucksport Middle School","100 Miles Lane, Bucksport, ME  04416",3170,319,141,44.2,29,9.09,170,53.29,Hancock,0,44.577579,-68.780239,1
"Rsu 25",,,"G Herbert Jewett School","66 Bridge St, Bucksport, ME  04416",3170,149,81,54.36,13,8.72,94,63.09,Hancock,0,44.575711692308,-68.786920615385,1
"Rsu 25",,,"Miles Lane School","52 Miles Lane, Bucksport, ME  04416",3170,304,142,46.71,21,6.91,163,53.62,Hancock,0,44.576585020408,-68.78063294898,0.8
"Southwest Harbor School Department",,,"Pemetic Elementary School","327 Main St, Southwest Harbor, ME  04679",1156,148,35,23.65,6,4.05,41,27.7,Hancock,0,44.28127325,-68.326437,1
"Surry School Department",,,"Surry Elementary School","754 N. Bend Rd, Surry, ME  04684",1159,101,38,37.62,13,12.87,51,50.5,Hancock,0,44.500371675676,-68.504624567568,1
"Sedgwick School Department",44.399111,-68.701228,"Sedgwick Elementary School","Sedgwick Elementary School, Maine",1150,97,59,60.82,7,7.22,66,68.04,Hancock,0.67,44.399111,-68.701228,0.67
"Tremont School Department",,,"Tremont Consolidated School","119 Tremont Rd, Bass Harbor, ME  04653",1162,108,30,27.78,10,9.26,40,37.04,Hancock,0,44.253714217391,-68.351231130435,1
"Trenton School Department",44.438967,-68.370018,"Trenton Elementary School","Trenton Elementary School, Maine",1163,124,56,45.16,18,14.52,74,59.68,Hancock,0.53,44.438967,-68.370018,0.53
"Augusta Public Schools",,,"Cony High School","60 Pierce Dr, Augusta, ME  04330",1008,1024,471,46,76,7.42,547,53.42,Kennebec,0,44.311897625,-69.748398208333,1
"Augusta Public Schools",,,"Farrington School","249 Eastern Ave, Augusta, ME  04330",1008,390,232,59.49,24,6.15,256,65.64,Kennebec,0,44.306037368421,-69.748628394737,1
"Augusta Public Schools",,,"Lillian Parks Hussey School","12 Gedney St, Augusta, ME  04430",1008,204,91,44.61,11,5.39,102,50,Kennebec,0,45.625550,-68.573880,0.22
"Augusta Public Schools",44.478694,-69.149559,"Lincoln School","30 Lincoln St, Augusta, ME  04330",1008,275,191,69.45,9,3.27,200,72.73,Kennebec,0.67,44.3120128,-69.7817752,1
"Augusta Public Schools",,,"Sylvio J Gilbert School","12 Sunset Ave, Augusta, ME  04330",1008,275,181,65.82,19,6.91,200,72.73,Kennebec,0,44.332924,-69.780229972222,1
"Becket Family Of Services",,,"Becket - Litchfield","224 Pine Tree Rd, Litchfield, ME  04350",5027,10,10,100,0,0,10,100,Kennebec,0,44.1741013125,-69.92603125,1
"Becket Family Of Services",44.52645,-69.887,"Belgrade House","Belgrade House, Maine",5027,12,12,100,0,0,12,100,Kennebec,0.67,44.526450,-69.887000,0.67
"Becket Family Of Services",,,"Central Maine Learning Center","744 Oakland Rd, Belgrade, ME  04917",5027,50,50,100,0,0,50,100,Kennebec,0,44.480594,-69.832530,0.33
"Erskine Academy",,,"Erskine Academy","309 Windsor Rd, South China, ME  04358",1332,570,138,24.21,50,8.77,188,32.98,Kennebec,0,44.371175769231,-69.574703615385,1
"Fayette School Department",,,"Fayette Central School","2023 Main St, Fayette, ME  04349",1058,77,17,22.08,9,11.69,26,33.77,Kennebec,0,44.407787375,-70.0368389375,1
"Mount Merici School",,,"Mount Merici School","152 Western Ave, Waterville, ME  04901",1415,201,10,4.98,0,0,10,4.98,Kennebec,0,44.55494284,-69.6563902,1
"N F I North",,,"N.F.I. Sidney Riverbend","3895 W River Rd, Augusta, ME  04330",5099,8,4,50,0,0,4,50,Kennebec,0,44.495993651007,-69.682604167785,1
"Rsu 02 Kennebec Intra-District",,,"Hall-Dale Elementary School","26 Garden Ln, Hallowell, ME  04347",3156,323,106,32.82,10,3.1,116,35.91,Kennebec,0,44.285900,-69.790880,0.33
"Rsu 02 Kennebec Intra-District",,,"Hall-Dale High School","97 Maple St, Farmingdale, ME  04344",3156,308,86,27.92,13,4.22,99,32.14,Kennebec,0,44.265749,-69.800631,1
"Rsu 02 Kennebec Intra-District",,,"Hall-Dale Middle School","111 Maple St, Famingdale, ME  04344",3156,215,80,37.21,10,4.65,90,41.86,Kennebec,0,44.265250444444,-69.802191222222,1
"Rsu 02 Kennebec Intra-District",,,"Henry L Cottrell School","169 Academy Rd, Monmouth, ME  04259",3156,221,83,37.56,7,3.17,90,40.72,Kennebec,0,44.264419527273,-70.030708618182,1
"Rsu 02 Kennebec Intra-District",,,"Monmouth Academy","96 Academy St, Monmouth, ME  04259",3156,220,61,27.73,11,5,72,32.73,Kennebec,0,44.250234057692,-70.037787019231,1
"Rsu 02 Kennebec Intra-District",,,"Monmouth Middle School","117 Academy Rd, Monmouth, ME  04259",3156,215,77,35.81,21,9.77,98,45.58,Kennebec,0,44.264525418182,-70.030539145455,1
"Rsu 04",,,"Carrie Ricker Middle School","573 Richmond Rd, Litchfield Rd, Litchfield, ME  04350",3157,316,150,47.47,26,8.23,176,55.7,Kennebec,0,,,0
"Rsu 04",,,"Libby-Tozier School","466 Academy Rd, Litchfield, ME  04350",3157,205,98,47.8,13,6.34,111,54.15,Kennebec,0,44.129335510204,-69.966042040816,1
"Rsu 11/Msad 11",44.23007,-69.77532,"Gardiner Area High School","Gardiner Area High School, Maine",1205,611,194,31.75,36,5.89,230,37.64,Kennebec,0.67,44.230070,-69.775320,0.67
"Rsu 11/Msad 11",44.23007,-69.77532,"Gardiner Regional Middle School","Gardiner Regional Middle School, Maine",1205,485,187,38.56,44,9.07,231,47.63,Kennebec,0.67,44.230070,-69.775320,0.67
"Rsu 11/Msad 11",,,"Helen Thompson School","309 Spears Corner Rd, West Gardiner, ME  04345",1205,261,79,30.27,23,8.81,102,39.08,Kennebec,0,44.225919466102,-69.877430084746,0.8
"Rsu 11/Msad 11",,,"Laura E Richards School","279 Brunswick Ave, Gardiner, ME  04345",1205,182,102,56.04,6,3.3,108,59.34,Kennebec,0,44.218673083333,-69.78044225,1
"Rsu 11/Msad 11",44.221737,-69.7556,"Pittston Consolidated School","Pittston Consolidated School, Maine",1205,191,78,40.84,24,12.57,102,53.4,Kennebec,0.53,44.221737,-69.755600,0.53
"Rsu 11/Msad 11",,,"River View Community School","821 River Rd, Gardiner, ME  04345",1205,186,87,46.77,15,8.06,102,54.84,Kennebec,0,44.17726525,-69.772542214286,1
"Rsu 11/Msad 11",,,"Teresa C Hamlin Elem School","17 School St, Randolph, ME  04346",1205,67,35,52.24,9,13.43,44,65.67,Kennebec,0,44.234660,-69.750610,0.33
"Rsu 12 Sheepscot Valley Regional School Unit",,,"Chelsea Elementary School","566 Togus Rd, Chelsea, ME  04330",3160,233,116,49.79,19,8.15,135,57.94,Kennebec,0,44.268298842105,-69.697753052632,1
"Rsu 12 Sheepscot Valley Regional School Unit",44.31063,-69.5806,"Windsor Elementary School","Windsor Elementary School, Maine",3160,318,146,45.91,31,9.75,177,55.66,Kennebec,0.67,44.310630,-69.580600,0.67
"Rsu 18",44.52645,-69.887,"Belgrade Central School","Belgrade Central School, Maine",3164,311,124,39.87,19,6.11,143,45.98,Kennebec,0.67,44.526450,-69.887000,0.67
"Rsu 18",,,"China Middle School","773 Lakeview Dr, South China, ME  04358",3164,207,101,48.79,15,7.25,116,56.04,Kennebec,0,44.443604707317,-69.526147780488,1
"Rsu 18",,,"China Primary School","763 Lakeview Dr, South China, ME  04358",3164,282,137,48.58,20,7.09,157,55.67,Kennebec,0,44.44381995122,-69.526065463415,1
"Rsu 18",,,"James H Bean School","2896 Middle Rd, Sidney, ME  04330",3164,291,80,27.49,22,7.56,102,35.05,Kennebec,0,44.444561,-69.741083,1
"Rsu 18",,,"Messalonskee High School","131 Messalonskee High Dr, Oakland, ME  04963",3164,803,232,28.89,58,7.22,290,36.11,Kennebec,0,44.555782,-69.716482,1
"Rsu 18",,,"Messalonskee Middle School","33 School Bus Drive, Oakland, ME  04963",3164,533,192,36.02,53,9.94,245,45.97,Kennebec,0,44.549870,-69.707840,0.33
"Rsu 18",,,"Ralph M Atwood Primary School","19 Heath St, Oakland, ME  04963",3164,252,138,54.76,22,8.73,160,63.49,Kennebec,0,44.547992875,-69.7203764375,1
"Rsu 18",,,"Williams Elementary School","55 Pleasant St, Oakland, ME  04963",3164,206,113,54.85,24,11.65,137,66.5,Kennebec,0,44.54959,-69.71584,1
"Rsu 38",44.358014,-69.867001,"Manchester Elementary School","Manchester Elementary School, Maine",3173,189,43,22.75,12,6.35,55,29.1,Kennebec,0.67,44.358014,-69.867001,0.67
"Rsu 38",,,"Maranacook Community High Sch","2250 Millard Harrison Dr, Readfield, ME  04355",3173,418,92,22.01,40,9.57,132,31.58,Kennebec,0,44.261767083333,-69.942105,1
"Rsu 38",,,"Maranacook Community Middle Sch","2100 Millard Harrison Dr, Readfield, ME  04355",3173,278,78,28.06,18,6.47,96,34.53,Kennebec,0,44.270721770833,-69.94291125,1
"Rsu 38",,,"Mt Vernon Elementary School","1507 N Rd, Mt Vernon, ME  04352",3173,129,54,41.86,9,6.98,63,48.84,Kennebec,0,44.461522,-69.986762,0.22
"Rsu 38",,,"Phoenix Academy","49 Kamich Dr, Augusta, ME  04330",3173,13,13,100,0,0,13,100,Kennebec,0,44.363769285714,-69.751123571429,1
"Rsu 38",44.38484,-69.953716,"Readfield Elementary School","Readfield Elementary School, Maine",3173,177,47,26.55,17,9.6,64,36.16,Kennebec,0.67,44.384840,-69.953716,0.67
"Rsu 38",,,"Wayne Elementary School","48 Pond Rd, Wayne, ME  04284",3173,63,31,49.21,4,6.35,35,55.56,Kennebec,0,44.352012464286,-70.070913035714,1
"Rsu 49/Msad 49",,,"Albion Elementary School","20 School St, Albion, ME  04910",1243,125,61,48.8,18,14.4,79,63.2,Kennebec,0,44.532290,-69.442540,0.33
"Rsu 49/Msad 49",,,"Benton Elementary School","68 School Dr, Benton, ME  04901",1243,614,324,52.77,58,9.45,382,62.21,Kennebec,0,44.554321,-69.617809,0.22
"Rsu 49/Msad 49",44.6501,-69.48575,"Clinton Elementary School","Clinton Elementary School, Maine",1243,258,169,65.5,15,5.81,184,71.32,Kennebec,0.67,44.650100,-69.485750,0.67
"Spurwink School Inc",,,"Spurwink School--Chelsea","31 Spurwink Dr, Chelsea, ME   04330",1375,50,43,86,3,6,46,92,Kennebec,0,44.258333666667,-69.7610185,1
"Vassalboro School Department",44.427757,-69.635908,"Vassalboro Community School","Vassalboro Community School, Maine",1166,430,221,51.4,29,6.74,250,58.14,Kennebec,0.67,44.427757,-69.635908,0.67
"Waterville Public Schools",,,"Albert S Hall School","27 Pleasant St, Waterville, ME  04901",1170,232,149,64.22,26,11.21,175,75.43,Kennebec,0,44.5505705,-69.6359335,1
"Waterville Public Schools",,,"George J Mitchell School","58 Drummond Ave, Waterville, ME  04901",1170,757,567,74.9,29,3.83,596,78.73,Kennebec,0,44.569692,-69.627805,1
"Waterville Public Schools",44.549225,-69.713178,"Waterville Junior High School","Waterville Junior High School, Maine",1170,387,223,57.62,21,5.43,244,63.05,Kennebec,0.67,44.549225,-69.713178,0.67
"Waterville Public Schools",44.549225,-69.713178,"Waterville Senior High School","Waterville Senior High School, Maine",1170,603,298,49.42,48,7.96,346,57.38,Kennebec,0.67,44.549225,-69.713178,0.67
"Winthrop Public Schools",44.322865,-69.957627,"Winthrop Grade School","Winthrop Grade School, Maine",1185,406,177,43.6,15,3.69,192,47.29,Kennebec,0.67,44.322865,-69.957627,0.67
"Winthrop Public Schools",44.322865,-69.957627,"Winthrop High School","Winthrop High School, Maine",1185,233,63,27.04,13,5.58,76,32.62,Kennebec,0.67,44.322865,-69.957627,0.67
"Winthrop Public Schools",44.322865,-69.957627,"Winthrop Middle School","Winthrop Middle School, Maine",1185,202,59,29.21,17,8.42,76,37.62,Kennebec,0.67,44.322865,-69.957627,0.67
"Winslow Schools",,,"Winslow Elementary School","285 Benton Ave, Winslow, ME  04901",1183,487,241,49.49,48,9.86,289,59.34,Kennebec,0,44.561987,-69.613805,1
"Winslow Schools",,,"Winslow High School","20 Danielson St, Winslow, ME  04901",1183,475,171,36,35,7.37,206,43.37,Kennebec,0,44.550248,-69.619731,1
"Winslow Schools",,,"Winslow Junior High School","6 Danielson St, Winslow, ME  04901",1183,317,130,41.01,23,7.26,153,48.26,Kennebec,0,44.55111575,-69.62224575,1
"Appleton School Department",44.289243,-69.250877,"Appleton Village School","Appleton Village School, Maine",1004,142,47,33.1,15,10.56,62,43.66,Knox,0.53,44.289243,-69.250877,0.53
"Five Town Csd",,,"Camden Hills Regional H S","25 Keelson Dr, Rockport, ME  04856",1294,690,157,22.75,34,4.93,191,27.68,Knox,0,44.184520,-69.076150,0.33
"Hope School Department",,,"Hope Elementary School","34 Highfield Rd, Hope, ME  04847",1077,191,53,27.75,13,6.81,66,34.55,Knox,0,44.223394,-69.22376125,1
"Rsu 08/Msad 08",44.08511,-68.841965,"Vinalhaven School","Vinalhaven School, Maine",1202,178,78,43.82,22,12.36,100,56.18,Knox,0.67,44.085110,-68.841965,0.67
"Rsu 13",,,"Cushing Community School","54 Cross Rd, Cushing, ME  ",3161,73,33,45.21,8,10.96,41,56.16,Knox,0,44.022249785714,-69.257272,1
"Rsu 13",,,"Gilford Butler School","Gilford Butler School, Maine  04563",3161,88,30,34.09,5,5.68,35,39.77,Knox,0,44.023010,-69.255572,0.67
"Rsu 13",,,"Lura Libby School","13 Valley St, Thomaston, ME  04861",3161,163,86,52.76,10,6.13,96,58.9,Knox,0,44.079857632653,-69.188898204082,1
"Rsu 13",,,"Oceanside High School East","400 Broadway, Rockland, ME  04841",3161,467,217,46.47,31,6.64,248,53.1,Knox,0,44.115938,-69.111935,1
"Rsu 13",,,"Oceanside High School West","47 Valley St, Thomaston, ME  04841",3161,292,137,46.92,23,7.88,160,54.79,Knox,0,44.103690,-69.108930,0.22
"Rsu 13",,,"Owls Head Central School","54 Ash Point Dr, Owls Head, ME  04854",3161,80,31,38.75,5,6.25,36,45,Knox,0,44.074816517241,-69.100715655172,1
"Rsu 13",,,"Rockland District Middle School","30 Broadway, Rockland, ME  04841",3161,195,105,53.85,6,3.08,111,56.92,Knox,0,44.096045,-69.11588524,1
"Rsu 13",,,"South School","100 Holmes St, Rockland, ME  04841",3161,287,191,66.55,12,4.18,203,70.73,Knox,0,44.096839307692,-69.116467384615,1
"Rsu 13",,,"St George School","65 Main St, Tenants Harbor, ME  04860",3161,171,79,46.2,21,12.28,100,58.48,Knox,0,43.966183527778,-69.21031725,1
"Rsu 13",44.07993,-69.18015,"Thomaston Grammar School","Thomaston Grammar School, Maine",3161,130,63,48.46,11,8.46,74,56.92,Knox,0.67,44.079930,-69.180150,0.67
"Rsu 28/Msad 28",,,"Camden-Rockport Middle School","34 Knowlton St, Camden, ME  04843",1222,371,73,19.68,18,4.85,91,24.53,Knox,0,44.211159117647,-69.070532117647,1
"Rsu 28/Msad 28",,,"Rockport Elementary School","40 West St, Rockport, ME  04856",1222,379,103,27.18,15,3.96,118,31.13,Knox,0,44.184657470588,-69.079212588235,0.8
"Rsu 40/Msad 40",43.98369,-69.33394,"Friendship Village School","Friendship Village School, Maine",1234,97,38,39.18,11,11.34,49,50.52,Knox,0.67,43.983690,-69.333940,0.67
"Rsu 40/Msad 40",,,"Prescott Memorial School","100 Waldoboro Rd, Washington, ME  04574",1234,95,46,48.42,7,7.37,53,55.79,Knox,0,44.271105874372,-69.371120537688,1
"Rsu 40/Msad 40",,,"Union Elementary","1070 Heald Hwy, Union, ME  04862",1234,112,52,46.43,5,4.46,57,50.89,Knox,0,44.211978672566,-69.252897061947,0.8
"Rsu 40/Msad 40",,,"Warren Community School","117 Eastern Rd, Warren, ME  04864",1234,338,156,46.15,36,10.65,192,56.8,Knox,0,44.127528813187,-69.239759758242,1
"Aos 93 Central Lincoln County School System",43.95758,-69.50921,"Bristol Consolidated School","Bristol Consolidated School, Maine",3178,169,61,36.09,12,7.1,73,43.2,Lincoln,0.67,43.957580,-69.509210,0.67
"Aos 93 Central Lincoln County School System",,,"Great Salt Bay Community School","559 Main St, Damariscotta, ME  04543",3178,450,138,30.67,21,4.67,159,35.33,Lincoln,0,44.040580483871,-69.510309935484,1
"Aos 93 Central Lincoln County School System",44.220432,-69.513293,"Jefferson Village School","Jefferson Village School, Maine",3178,187,80,42.78,19,10.16,99,52.94,Lincoln,0.67,44.220432,-69.513293,0.67
"Aos 93 Central Lincoln County School System",44.07952,-69.48505,"Nobleboro Central School","Nobleboro Central School, Maine",3178,135,54,40,11,8.15,65,48.15,Lincoln,0.67,44.079520,-69.485050,0.67
"Aos 93 Central Lincoln County School System",43.86397,-69.56116,"South Bristol Elementary School","South Bristol Elementary School, Maine",3178,63,26,41.27,5,7.94,31,49.21,Lincoln,0.67,43.863970,-69.561160,0.67
"Boothbay-Boothbay Hbr Csd",,,"Boothbay Region Elem School","238 Townsend Ave, Boothbay Harbor, ME  04538",1281,401,152,37.91,32,7.98,184,45.89,Lincoln,0,43.866690193548,-69.629292774194,1
"Boothbay-Boothbay Hbr Csd",,,"Boothbay Region High School","236 Townsend Ave, Boothbay Harbor, ME  04538",1281,214,77,35.98,12,5.61,89,41.59,Lincoln,0,43.866782645161,-69.629332580645,1
"Edgecomb School Department",,,"Edgecomb Eddy School","157 Boothbay Rd, Edgecomb, ME  04556",1055,82,30,36.59,4,4.88,34,41.46,Lincoln,0,45.925147999999,-70.401006999999,1
"Lincoln Academy",44.478694,-69.149559,"Lincoln Academy","Lincoln Academy, Maine",1364,512,114,22.27,25,4.88,139,27.15,Lincoln,0.67,44.478694,-69.149559,0.67
"Rsu 02 Kennebec Intra-District",44.077448,-69.738418,"Dresden Elementary School","Dresden Elementary School, Maine",3156,90,44,48.89,2,2.22,46,51.11,Lincoln,0.67,44.077448,-69.738418,0.67
"Rsu 12 Sheepscot Valley Regional School Unit",44.188406,-69.575119,"Whitefield Elementary School","Whitefield Elementary School, Maine",3160,184,84,45.65,13,7.07,97,52.72,Lincoln,0.67,44.188406,-69.575119,0.67
"Rsu 12 Sheepscot Valley Regional School Unit",44.01151,-69.67336,"Wiscasset High School","Wiscasset High School, Maine",3160,209,77,36.84,14,6.7,91,43.54,Lincoln,0.67,44.011510,-69.673360,0.67
"Rsu 12 Sheepscot Valley Regional School Unit",44.01151,-69.67336,"Wiscasset Middle School","Wiscasset Middle School, Maine",3160,174,73,41.95,9,5.17,82,47.13,Lincoln,0.67,44.011510,-69.673360,0.67
"Rsu 12 Sheepscot Valley Regional School Unit",44.01151,-69.67336,"Wiscasset Primary School","Wiscasset Primary School, Maine",3160,206,93,45.15,10,4.85,103,50,Lincoln,0.67,44.011510,-69.673360,0.67
"Rsu 40/Msad 40",,,"Medomak Middle School","318 Manktown Rd, Waldoboro, ME  04572",1234,280,139,49.64,25,8.93,164,58.57,Lincoln,0,44.123925666667,-69.30693,1
"Rsu 40/Msad 40",,,"Medomak Valley High School","320 Maktown Rd, Waldoboro, ME  04572",1234,550,208,37.82,44,8,252,45.82,Lincoln,0,44.091930,-69.378730,0.33
"Rsu 40/Msad 40",,,"Miller School","145 Kalers Cr St, Waldoboro, ME  04572",1234,299,183,61.2,21,7.02,204,68.23,Lincoln,0,44.091930,-69.378730,0.33
"Southport School Department",43.84092,-69.65866,"Southport Central School","Southport Central School, Maine",1154,22,7,31.82,0,0,7,31.82,Lincoln,0.67,43.840920,-69.658660,0.67
"Fryeburg Academy",44.044292,-70.964418,"Fryeburg Academy","Fryeburg Academy, Maine",1348,579,108,18.65,38,6.56,146,25.22,Oxford,0.67,44.044292,-70.964418,0.67
"Holy Savior School",,,"Holy Savior School","Holy Savior School, Maine",1394,60,2,3.33,0,0,2,3.33,Oxford,0,,,0
"Rsu 10 Western Foothills",,,"Buckfield Jr-Sr High School","Buckfield Jr-Sr High School, Maine",3159,258,140,54.26,30,11.63,170,65.89,Oxford,0,,,0
"Rsu 10 Western Foothills",,,"Dirigo Elementary School","Dirigo Elementary School, Maine",3159,356,221,62.08,30,8.43,251,70.51,Oxford,0,,,0
"Rsu 10 Western Foothills",,,"Dirigo High School","Dirigo High School, Maine",3159,322,139,43.17,32,9.94,171,53.11,Oxford,0,,,0
"Rsu 10 Western Foothills",44.462329,-70.300563,"Hartford-Sumner Elementary School","Hartford-Sumner Elementary School, Maine",3159,313,175,55.91,36,11.5,211,67.41,Oxford,0.53,44.462329,-70.300563,0.53
"Rsu 10 Western Foothills",,,"Meroby Elementary School","Meroby Elementary School, Maine",3159,292,212,72.6,36,12.33,248,84.93,Oxford,0,,,0
"Rsu 10 Western Foothills",,,"Mountain Valley High School","Mountain Valley High School, Maine",3159,421,266,63.18,36,8.55,302,71.73,Oxford,0,,,0
"Rsu 10 Western Foothills",,,"Mountain Valley Middle School","Mountain Valley Middle School, Maine",3159,283,204,72.08,28,9.89,232,81.98,Oxford,0,,,0
"Rsu 10 Western Foothills",44.377031,-70.568041,"Rumford Elementary","Rumford Elementary, Maine",3159,316,234,74.05,17,5.38,251,79.43,Oxford,0.67,44.377031,-70.568041,0.67
"Rsu 10 Western Foothills",,,"T W Kelly Dirigo Middle School","T W Kelly Dirigo Middle School, Maine",3159,173,87,50.29,19,10.98,106,61.27,Oxford,0,,,0
"Rsu 17/Msad 17",,,"Agnes Gray School","Agnes Gray School, Maine",1211,95,61,64.21,12,12.63,73,76.84,Oxford,0,,,0
"Rsu 17/Msad 17",,,"Guy E Rowe School","Guy E Rowe School, Maine",1211,475,302,63.58,33,6.95,335,70.53,Oxford,0,,,0
"Rsu 17/Msad 17",,,"Hebron Station School","Hebron Station School, Maine",1211,133,52,39.1,8,6.02,60,45.11,Oxford,0,,,0
"Rsu 17/Msad 17",,,"Otisfield Community School","Otisfield Community School, Maine",1211,80,38,47.5,5,6.25,43,53.75,Oxford,0,,,0
"Rsu 17/Msad 17",,,"Oxford Elementary School","Oxford Elementary School, Maine",1211,408,268,65.69,35,8.58,303,74.26,Oxford,0,,,0
"Rsu 17/Msad 17",,,"Oxford Hills Comprehensive H S","Oxford Hills Comprehensive H S, Maine",1211,1104,495,44.84,125,11.32,620,56.16,Oxford,0,,,0
"Rsu 17/Msad 17",,,"Oxford Hills Middle School","Oxford Hills Middle School, Maine",1211,499,267,53.51,51,10.22,318,63.73,Oxford,0,,,0
"Rsu 17/Msad 17",,,"Paris Elementary School","Paris Elementary School, Maine",1211,446,272,60.99,36,8.07,308,69.06,Oxford,0,,,0
"Rsu 17/Msad 17",44.202833,-70.722362,"Waterford Memorial School","Waterford Memorial School, Maine",1211,125,77,61.6,9,7.2,86,68.8,Oxford,0.67,44.202833,-70.722362,0.67
"Rsu 44 / Msad 44",44.63562,-70.75118,"Andover Elementary School","Andover Elementary School, Maine",1238,31,18,58.06,0,0,18,58.06,Oxford,0.67,44.635620,-70.751180,0.67
"Rsu 44 / Msad 44",43.986184,-70.477001,"Crescent Park School","Crescent Park School, Maine",1238,241,104,43.15,17,7.05,121,50.21,Oxford,0.53,43.986184,-70.477001,0.53
"Rsu 44 / Msad 44",,,"Telstar High School","Telstar High School, Maine",1238,246,123,50,21,8.54,144,58.54,Oxford,0,,,0
"Rsu 44 / Msad 44",,,"Telstar Middle School","Telstar Middle School, Maine",1238,184,90,48.91,23,12.5,113,61.41,Oxford,0,,,0
"Rsu 44 / Msad 44",,,"Woodstock School","Woodstock School, Maine",1238,95,45,47.37,10,10.53,55,57.89,Oxford,0,,,0
"Rsu 55/Msad 55",,,"Sacopee Valley High Sch","Sacopee Valley High Sch, Maine",1249,401,174,43.39,42,10.47,216,53.87,Oxford,0,,,0
"Rsu 55/Msad 55",,,"Sacopee Valley Middle School","Sacopee Valley Middle School, Maine",1249,318,150,47.17,45,14.15,195,61.32,Oxford,0,,,0
"Rsu 55/Msad 55",,,"South Hiram Elementary School","South Hiram Elementary School, Maine",1249,207,135,65.22,20,9.66,155,74.88,Oxford,0,,,0
"Rsu 72 / Msad 72",,,"Charles A Snow School","Charles A Snow School, Maine",1264,213,97,45.54,18,8.45,115,53.99,Oxford,0,,,0
"Rsu 72 / Msad 72",43.97035,-70.8034,"Denmark Elementary School","Denmark Elementary School, Maine",1264,99,33,33.33,7,7.07,40,40.4,Oxford,0.67,43.970350,-70.803400,0.67
"Rsu 72 / Msad 72",,,"Molly Ockett Middle School","Molly Ockett Middle School, Maine",1264,251,92,36.65,15,5.98,107,42.63,Oxford,0,,,0
"Rsu 72 / Msad 72",,,"New Suncook School","New Suncook School, Maine",1264,189,76,40.21,13,6.88,89,47.09,Oxford,0,,,0
"Rumford-Region 9",,,"School Of Applied Tech-Region 9","School Of Applied Tech-Region 9, Maine",1278,150,84,56,7,4.67,91,60.67,Oxford,0,,,0
"Bangor School Department",,,"Abraham Lincoln School","Abraham Lincoln School, Maine",1011,235,122,51.91,11,4.68,133,56.6,Penobscot,0,,,0
"Bangor School Department",,,"Bangor High School","Bangor High School, Maine",1011,1188,457,38.47,67,5.64,524,44.11,Penobscot,0,,,0
"Bangor School Department",,,"Downeast School","Downeast School, Maine",1011,383,348,90.86,19,4.96,367,95.82,Penobscot,0,,,0
"Bangor School Department",46.696432,-67.867523,"Fairmount School","Fairmount School, Maine",1011,269,170,63.2,20,7.43,190,70.63,Penobscot,0.53,46.696432,-67.867523,0.53
"Bangor School Department",,,"Fourteenth Street School","Fourteenth Street School, Maine",1011,155,43,27.74,17,10.97,60,38.71,Penobscot,0,,,0
"Bangor School Department",,,"Fruit Street School","Fruit Street School, Maine",1011,346,110,31.79,16,4.62,126,36.42,Penobscot,0,,,0
"Bangor School Department",,,"James F. Doughty School","James F. Doughty School, Maine",1011,395,234,59.24,19,4.81,253,64.05,Penobscot,0,,,0
"Bangor School Department",,,"Mary Snow School","Mary Snow School, Maine",1011,250,77,30.8,10,4,87,34.8,Penobscot,0,,,0
"Bangor School Department",,,"Vine Street School","Vine Street School, Maine",1011,208,118,56.73,12,5.77,130,62.5,Penobscot,0,,,0
"Bangor School Department",,,"William S. Cohen School","William S. Cohen School, Maine",1011,401,132,32.92,18,4.49,150,37.41,Penobscot,0,,,0
"Brewer School Department",,,"Brewer Community School","Brewer Community School, Maine",1021,973,381,39.16,77,7.91,458,47.07,Penobscot,0,,,0
"Brewer School Department",,,"Brewer High School","Brewer High School, Maine",1021,704,227,32.24,54,7.67,281,39.91,Penobscot,0,,,0
"East Millinocket School Department",,,"Opal Myrick Elementary School","Opal Myrick Elementary School, Maine",1052,130,84,64.62,10,7.69,94,72.31,Penobscot,0,,,0
"East Millinocket School Department",,,"Schenck High School","Schenck High School, Maine",1052,133,48,36.09,17,12.78,65,48.87,Penobscot,0,,,0
"Glenburn Public Schools",44.910624,-68.847259,"Glenburn Elementary School","Glenburn Elementary School, Maine",1063,479,133,27.77,40,8.35,173,36.12,Penobscot,0.53,44.910624,-68.847259,0.53
"Greenbush School Department",,,"Helen S Dunn Elementary School","Helen S Dunn Elementary School, Maine",1069,136,85,62.5,23,16.91,108,79.41,Penobscot,0,,,0
"Hermon School Department",,,"Hermon Elementary School","Hermon Elementary School, Maine",1074,381,74,19.42,17,4.46,91,23.88,Penobscot,0,,,0
"Hermon School Department",,,"Hermon High School","Hermon High School, Maine",1074,498,97,19.48,24,4.82,121,24.3,Penobscot,0,,,0
"Hermon School Department",,,"Hermon Middle School","Hermon Middle School, Maine",1074,274,66,24.09,11,4.01,77,28.1,Penobscot,0,,,0
"Indian Island",45.040655,-68.722962,"Indian Island School","Indian Island School, Maine",1270,115,64,55.65,35,30.43,99,86.09,Penobscot,0.53,45.040655,-68.722962,0.53
"Indian Township",45.211739,-67.629999,"Peter Dana School","Peter Dana School, Maine",1271,145,97,66.9,14,9.66,111,76.55,Penobscot,0.53,45.211739,-67.629999,0.53
"Kingman School",45.54951,-68.19946,"Kingman Elementary School","Kingman Elementary School, Maine",5604,24,22,91.67,1,4.17,23,95.83,Penobscot,0.67,45.549510,-68.199460,0.67
"Lee Academy",,,"Lee Academy","Lee Academy, Maine",1356,267,86,32.21,22,8.24,108,40.45,Penobscot,0,,,0
"Medway School Department",,,"Medway Middle School","Medway Middle School, Maine",1105,129,65,50.39,14,10.85,79,61.24,Penobscot,0,,,0
"Milford School Department",,,"Dr Lewis S Libby School","Dr Lewis S Libby School, Maine",1106,330,159,48.18,35,10.61,194,58.79,Penobscot,0,,,0
"Millinocket School Department",47.30532,-68.15198,"Granite Street School","Granite Street School, Maine",1107,270,162,60,15,5.56,177,65.56,Penobscot,0.67,47.305320,-68.151980,0.67
"Millinocket School Department",,,"Stearns High School","Stearns High School, Maine",1107,277,131,47.29,23,8.3,154,55.6,Penobscot,0,,,0
"Mountain View Youth Dev Ctr",,,"Mountain View Youth Dev Ctr","Mountain View Youth Dev Ctr, Maine",1298,83,83,100,0,0,83,100,Penobscot,0,,,0
"Msad 46",,,"Dexter Regional High School","Dexter Regional High School, Maine",1240,494,272,55.06,40,8.1,312,63.16,Penobscot,0,,,0
"Msad 46",,,"Ridge View Community School","Ridge View Community School, Maine",1240,675,447,66.22,43,6.37,490,72.59,Penobscot,0,,,0
"N F I North",,,"N.F.I. Summit View","N.F.I. Summit View, Maine",5099,4,2,50,0,0,2,50,Penobscot,0,,,0
"No Penobscot Tech Center",44.748405,-68.806704,"Northern Penobsct Tech Center","Northern Penobsct Tech Center, Maine",1276,200,98,49,21,10.5,119,59.5,Penobscot,0.53,44.748405,-68.806704,0.53
"Orrington School Department",,,"Center Drive School","Center Drive School, Maine",1124,402,86,21.39,16,3.98,102,25.37,Penobscot,0,,,0
"Rsu 19",,,"Corinna Elementary School","Corinna Elementary School, Maine",3165,146,80,54.79,11,7.53,91,62.33,Penobscot,0,,,0
"Rsu 19",,,"Etna-Dixmont School","Etna-Dixmont School, Maine",3165,258,110,42.64,40,15.5,150,58.14,Penobscot,0,,,0
"Rsu 19",45.575731,-69.909773,"Newport Elementary School","Newport Elementary School, Maine",3165,297,149,50.17,22,7.41,171,57.58,Penobscot,0.67,45.575731,-69.909773,0.67
"Rsu 19",,,"Nokomis Regional High School","Nokomis Regional High School, Maine",3165,687,303,44.1,65,9.46,368,53.57,Penobscot,0,,,0
"Rsu 19",,,"Sebasticook Valley Middle School","Sebasticook Valley Middle School, Maine",3165,331,153,46.22,36,10.88,189,57.1,Penobscot,0,,,0
"Rsu 22/Msad 22",,,"Earl C Mcgraw School","Earl C Mcgraw School, Maine",1216,320,62,19.38,15,4.69,77,24.06,Penobscot,0,,,0
"Rsu 22/Msad 22",,,"George B Weatherbee School","George B Weatherbee School, Maine",1216,373,61,16.35,27,7.24,88,23.59,Penobscot,0,,,0
"Rsu 22/Msad 22",44.74794,-68.83599,"Hampden Academy","Hampden Academy, Maine",1216,699,135,19.31,37,5.29,172,24.61,Penobscot,0.67,44.747940,-68.835990,0.67
"Rsu 22/Msad 22",,,"Newburgh Elementary School","Newburgh Elementary School, Maine",1216,14,10,71.43,0,0,10,71.43,Penobscot,0,,,0
"Rsu 22/Msad 22",,,"Reeds Brook Middle School","Reeds Brook Middle School, Maine",1216,360,66,18.33,25,6.94,91,25.28,Penobscot,0,,,0
"Rsu 26 Orono",,,"Asa C Adams School","Asa C Adams School, Maine",3171,261,73,27.97,8,3.07,81,31.03,Penobscot,0,,,0
"Rsu 26 Orono",,,"Orono High School","Orono High School, Maine",3171,356,87,24.44,16,4.49,103,28.93,Penobscot,0,,,0
"Rsu 26 Orono",,,"Orono Middle School","Orono Middle School, Maine",3171,156,39,25,9,5.77,48,30.77,Penobscot,0,,,0
"Rsu 30/Msad 30",,,"Edith A Lombard School (New)","Edith A Lombard School (New), Maine",1224,23,15,65.22,0,0,15,65.22,Penobscot,0,,,0
"Rsu 30/Msad 30",,,"Lee/Winn School","Lee/Winn School, Maine",1224,94,53,56.38,19,20.21,72,76.6,Penobscot,0,,,0
"Rsu 30/Msad 30",,,"Mt Jefferson Jr High School","Mt Jefferson Jr High School, Maine",1224,91,47,51.65,14,15.38,61,67.03,Penobscot,0,,,0
"Rsu 31/Msad 31",45.248945,-68.568358,"Enfield Station Elementary School","Enfield Station Elementary School, Maine",1225,259,140,54.05,38,14.67,178,68.73,Penobscot,0.6,45.248945,-68.568358,0.6
"Rsu 31/Msad 31",,,"Hichborn Middle School","Hichborn Middle School, Maine",1225,113,54,47.79,15,13.27,69,61.06,Penobscot,0,,,0
"Rsu 31/Msad 31",44.433911,-68.721716,"Penobscot Valley High School","Penobscot Valley High School, Maine",1225,166,76,45.78,30,18.07,106,63.86,Penobscot,0.67,44.433911,-68.721716,0.67
"Rsu 34 Old Town/ Alton/ Bradley",,,"Alton Elementary School","Alton Elementary School, Maine",3172,61,25,40.98,5,8.2,30,49.18,Penobscot,0,,,0
"Rsu 34 Old Town/ Alton/ Bradley",,,"Leonard Middle School","Leonard Middle School, Maine",3172,310,145,46.77,29,9.35,174,56.13,Penobscot,0,,,0
"Rsu 34 Old Town/ Alton/ Bradley",45.040655,-68.722962,"Old Town Elementary School","Old Town Elementary School, Maine",3172,562,244,43.42,45,8.01,289,51.42,Penobscot,0.67,45.040655,-68.722962,0.67
"Rsu 34 Old Town/ Alton/ Bradley",45.040655,-68.722962,"Old Town High School","Old Town High School, Maine",3172,492,195,39.63,33,6.71,228,46.34,Penobscot,0.67,45.040655,-68.722962,0.67
"Rsu 34 Old Town/ Alton/ Bradley",,,"Viola Rand School","Viola Rand School, Maine",3172,79,31,39.24,3,3.8,34,43.04,Penobscot,0,,,0
"Rsu 50",,,"Katahdin Elementary School","Katahdin Elementary School, Maine",3199,204,118,57.84,26,12.75,144,70.59,Penobscot,0,,,0
"Rsu 50",,,"Katahdin Middle/High School","Katahdin Middle/High School, Maine",3199,188,79,42.02,32,17.02,111,59.04,Penobscot,0,,,0
"Rsu 63/Msad 63",44.79169,-68.577728,"Eddington School","Eddington School, Maine",1257,187,64,34.22,12,6.42,76,40.64,Penobscot,0.67,44.791690,-68.577728,0.67
"Rsu 63/Msad 63",,,"Holbrook School","Holbrook School, Maine",1257,257,63,24.51,13,5.06,76,29.57,Penobscot,0,,,0
"Rsu 63/Msad 63",,,"Holden School","Holden School, Maine",1257,168,40,23.81,8,4.76,48,28.57,Penobscot,0,,,0
"Rsu 64/Msad 64",45.058864,-68.95432,"Bradford Elementary School","Bradford Elementary School, Maine",1258,102,57,55.88,11,10.78,68,66.67,Penobscot,0.67,45.058864,-68.954320,0.67
"Rsu 64/Msad 64",44.180965,-70.891727,"Central High School","Central High School, Maine",1258,376,137,36.44,48,12.77,185,49.2,Penobscot,0.67,44.180965,-70.891727,0.67
"Rsu 64/Msad 64",44.180965,-70.891727,"Central Middle School","Central Middle School, Maine",1258,264,130,49.24,26,9.85,156,59.09,Penobscot,0.67,44.180965,-70.891727,0.67
"Rsu 64/Msad 64",,,"Hudson Elementary School","Hudson Elementary School, Maine",1258,73,26,35.62,12,16.44,38,52.05,Penobscot,0,,,0
"Rsu 64/Msad 64",44.918877,-68.965803,"Kenduskeag Elementary School","Kenduskeag Elementary School, Maine",1258,120,57,47.5,11,9.17,68,56.67,Penobscot,0.67,44.918877,-68.965803,0.67
"Rsu 64/Msad 64",,,"Morison Memorial School","Morison Memorial School, Maine",1258,180,88,48.89,17,9.44,105,58.33,Penobscot,0,,,0
"Rsu 64/Msad 64",44.894697,-69.142341,"Stetson Elementary School","Stetson Elementary School, Maine",1258,45,20,44.44,2,4.44,22,48.89,Penobscot,0.67,44.894697,-69.142341,0.67
"Rsu 67",,,"Ella P Burr School","Ella P Burr School, Maine",3175,420,252,60,37,8.81,289,68.81,Penobscot,0,,,0
"Rsu 67",,,"Mattanawcook Academy","Mattanawcook Academy, Maine",3175,360,155,43.06,28,7.78,183,50.83,Penobscot,0,,,0
"Rsu 67",,,"Mattanawcook Jr High School","Mattanawcook Jr High School, Maine",3175,322,174,54.04,28,8.7,202,62.73,Penobscot,0,,,0
"Rsu 87/Msad 23",,,"Caravel Middle School","Caravel Middle School, Maine",1217,220,79,35.91,29,13.18,108,49.09,Penobscot,0,,,0
"Rsu 87/Msad 23",,,"Carmel Elementary School","Carmel Elementary School, Maine",1217,194,76,39.18,30,15.46,106,54.64,Penobscot,0,,,0
"Rsu 87/Msad 23",,,"Suzanne M Smith Elementary School","Suzanne M Smith Elementary School, Maine",1217,248,84,33.87,31,12.5,115,46.37,Penobscot,0,,,0
"Sweetser Children'S Services",,,"Plymouth Lodge","Plymouth Lodge, Maine",1396,5,5,100,0,0,5,100,Penobscot,0,,,0
"Veazie Public Schools",,,"Veazie Community School","Veazie Community School, Maine",1167,174,52,29.89,2,1.15,54,31.03,Penobscot,0,,,0
"Foxcroft Academy",44.16035,-70.183943,"Foxcroft Academy","Foxcroft Academy, Maine",1335,460,124,26.96,29,6.3,153,33.26,Piscataquis,0.53,44.160350,-70.183943,0.53
"Greenville School Department",45.4666,-69.58907,"Greenville Consolidated School","Greenville Consolidated School, Maine",1070,204,87,42.65,26,12.75,113,55.39,Piscataquis,0.67,45.466600,-69.589070,0.67
"Rsu 41/Msad 41",45.351184,-69.058062,"Brownville Elementary School","Brownville Elementary School, Maine",1235,107,71,66.36,16,14.95,87,81.31,Piscataquis,0.67,45.351184,-69.058062,0.67
"Rsu 41/Msad 41",,,"Milo Elementary School","Milo Elementary School, Maine",1235,270,210,77.78,25,9.26,235,87.04,Piscataquis,0,,,0
"Rsu 41/Msad 41",,,"Penquis Valley High School","Penquis Valley High School, Maine",1235,350,237,67.71,37,10.57,274,78.29,Piscataquis,0,,,0
"Rsu 68/Msad 68",,,"Se Do Mo Cha Elementary School","Se Do Mo Cha Elementary School, Maine",1261,353,189,53.54,37,10.48,226,64.02,Piscataquis,0,,,0
"Rsu 68/Msad 68",,,"Se Do Mo Cha Middle School","Se Do Mo Cha Middle School, Maine",1261,268,119,44.4,33,12.31,152,56.72,Piscataquis,0,,,0
"Rsu 80/Msad 4",,,"Piscataquis Community Elementary School","Piscataquis Community Elementary School, Maine",1198,390,257,65.9,34,8.72,291,74.62,Piscataquis,0,,,0
"Rsu 80/Msad 4",,,"Piscataquis Community Secondary School","Piscataquis Community Secondary School, Maine",1198,306,159,51.96,28,9.15,187,61.11,Piscataquis,0,,,0
"Georgetown School Department",43.805389,-69.745295,"Georgetown Central School","Georgetown Central School, Maine",1061,82,23,28.05,5,6.1,28,34.15,Sagadahoc,0.67,43.805389,-69.745295,0.67
"N F I North",,,"N.F.I. Oliver Place","N.F.I. Oliver Place, Maine",5099,5,5,100,0,0,5,100,Sagadahoc,0,,,0
"Rsu 01 - Lower Kennebec Rsu",,,"Bath Middle School","Bath Middle School, Maine",3152,363,195,53.72,26,7.16,221,60.88,Sagadahoc,0,,,0
"Rsu 01 - Lower Kennebec Rsu",,,"Dike-Newell School","Dike-Newell School, Maine",3152,345,202,58.55,21,6.09,223,64.64,Sagadahoc,0,,,0
"Rsu 01 - Lower Kennebec Rsu",,,"Fisher-Mitchell School","Fisher-Mitchell School, Maine",3152,232,144,62.07,19,8.19,163,70.26,Sagadahoc,0,,,0
"Rsu 01 - Lower Kennebec Rsu",39.848111,-111.850284,"Morse High School Bath 1171","Morse High School Bath 1171, Maine",3152,624,249,39.9,38,6.09,287,45.99,Sagadahoc,0.22,39.848111,-111.850284,0.22
"Rsu 01 - Lower Kennebec Rsu",43.789616,-69.810821,"Phippsburg Elementary School","Phippsburg Elementary School, Maine",3152,88,36,40.91,6,6.82,42,47.73,Sagadahoc,0.67,43.789616,-69.810821,0.67
"Rsu 01 - Lower Kennebec Rsu",43.852011,-69.662658,"West Bath School","West Bath School, Maine",3152,148,54,36.49,8,5.41,62,41.89,Sagadahoc,0.67,43.852011,-69.662658,0.67
"Rsu 01 - Lower Kennebec Rsu",,,"Woolwich Central School","Woolwich Central School, Maine",3152,368,143,38.86,16,4.35,159,43.21,Sagadahoc,0,,,0
"Rsu 02 Kennebec Intra-District",,,"Marcia Buker School","Marcia Buker School, Maine",3156,239,104,43.51,14,5.86,118,49.37,Sagadahoc,0,,,0
"Rsu 02 Kennebec Intra-District",44.108059,-69.827489,"Richmond High School","Richmond High School, Maine",3156,148,45,30.41,8,5.41,53,35.81,Sagadahoc,0.67,44.108059,-69.827489,0.67
"Rsu 02 Kennebec Intra-District",44.108059,-69.827489,"Richmond Middle School","Richmond Middle School, Maine",3156,117,46,39.32,10,8.55,56,47.86,Sagadahoc,0.67,44.108059,-69.827489,0.67
"Rsu 75/Msad 75",,,"Bowdoin Central School","Bowdoin Central School, Maine",1266,215,85,39.53,16,7.44,101,46.98,Sagadahoc,0,,,0
"Rsu 75/Msad 75",44.023162,-69.875816,"Bowdoinham Community School","Bowdoinham Community School, Maine",1266,183,74,40.44,15,8.2,89,48.63,Sagadahoc,0.67,44.023162,-69.875816,0.67
"Rsu 75/Msad 75",,,"Mt Ararat High School","Mt Ararat High School, Maine",1266,821,219,26.67,69,8.4,288,35.08,Sagadahoc,0,,,0
"Rsu 75/Msad 75",,,"Mt Ararat Middle School","Mt Ararat Middle School, Maine",1266,571,179,31.35,46,8.06,225,39.4,Sagadahoc,0,,,0
"Rsu 75/Msad 75",,,"Williams-Cone School","Williams-Cone School, Maine",1266,229,64,27.95,11,4.8,75,32.75,Sagadahoc,0,,,0
"Rsu 75/Msad 75",,,"Woodside Elementary School","Woodside Elementary School, Maine",1266,328,98,29.88,27,8.23,125,38.11,Sagadahoc,0,,,0
"Athens Public Schools",,,"Athens Elementary School","Athens Elementary School, Maine",3231,120,59,49.17,15,12.5,74,61.67,Somerset,0,,,0
"Becket Family Of Services",,,"Becket @ Norridgewock","Becket @ Norridgewock, Maine",5027,8,8,100,0,0,8,100,Somerset,0,,,0
"Good Will-Hinckley",,,"Glen Stratton Learning Center","Glen Stratton Learning Center, Maine",1340,11,8,72.73,2,18.18,10,90.91,Somerset,0,,,0
"Harmony School Dept",,,"Harmony Elementary","Harmony Elementary, Maine",1073,81,44,54.32,7,8.64,51,62.96,Somerset,0,,,0
"Kennebec Behavioral Health",,,"Halycon House K B H","Halycon House K B H, Maine",5740,6,0,0,0,0,0,0,Somerset,0,,,0
"Maine Academy Of Natural Sciences",,,"Maine Academy Of Natural Science","Maine Academy Of Natural Science, Maine",2638,66,22,33.33,8,12.12,30,45.45,Somerset,0,,,0
"Maine Central Institute",,,"Maine Central Institute","Maine Central Institute, Maine",1369,436,118,27.06,24,5.5,142,32.57,Somerset,0,,,0
"Rsu 19",44.88152,-69.45866,"Hartland Consolidated School","Hartland Consolidated School, Maine",3165,197,119,60.41,19,9.64,138,70.05,Somerset,0.67,44.881520,-69.458660,0.67
"Rsu 19",,,"Somerset Valley Middle School","Somerset Valley Middle School, Maine",3165,193,113,58.55,11,5.7,124,64.25,Somerset,0,,,0
"Rsu 19",,,"St Albans Consolidated","St Albans Consolidated, Maine",3165,110,62,56.36,2,1.82,64,58.18,Somerset,0,,,0
"Rsu 49/Msad 49",44.646261,-69.680158,"Fairfield Primary School","Fairfield Primary School, Maine",1243,166,106,63.86,14,8.43,120,72.29,Somerset,0.67,44.646261,-69.680158,0.67
"Rsu 49/Msad 49",,,"Lawrence High School","Lawrence High School, Maine",1243,680,277,40.74,73,10.74,350,51.47,Somerset,0,,,0
"Rsu 49/Msad 49",,,"Lawrence Jr High School","Lawrence Jr High School, Maine",1243,353,174,49.29,40,11.33,214,60.62,Somerset,0,,,0
"Rsu 53/Msad 53",,,"Manson Park School","Manson Park School, Maine",1247,125,64,51.2,11,8.8,75,60,Somerset,0,,,0
"Rsu 53/Msad 53",,,"Vickery School","Vickery School, Maine",1247,312,163,52.24,23,7.37,186,59.62,Somerset,0,,,0
"Rsu 53/Msad 53",,,"Warsaw Middle School","Warsaw Middle School, Maine",1247,303,132,43.56,22,7.26,154,50.83,Somerset,0,,,0
"Rsu 54 / Msad 54",,,"Bloomfield Elementary School","Bloomfield Elementary School, Maine",1248,326,214,65.64,27,8.28,241,73.93,Somerset,0,,,0
"Rsu 54 / Msad 54",,,"Canaan Elementary School","Canaan Elementary School, Maine",1248,238,151,63.45,18,7.56,169,71.01,Somerset,0,,,0
"Rsu 54 / Msad 54",,,"Margaret Chase Smith Sch.-Skowhegan","Margaret Chase Smith Sch.-Skowhegan, Maine",1248,201,116,57.71,18,8.96,134,66.67,Somerset,0,,,0
"Rsu 54 / Msad 54",,,"Mill Stream Elementary School","Mill Stream Elementary School, Maine",1248,363,227,62.53,17,4.68,244,67.22,Somerset,0,,,0
"Rsu 54 / Msad 54",43.77332,-70.616514,"North Elementary School","North Elementary School, Maine",1248,185,126,68.11,10,5.41,136,73.51,Somerset,0.53,43.773320,-70.616514,0.53
"Rsu 54 / Msad 54",44.769303,-69.593975,"Skowhegan Area High School","Skowhegan Area High School, Maine",1248,821,421,51.28,70,8.53,491,59.81,Somerset,0.67,44.769303,-69.593975,0.67
"Rsu 54 / Msad 54",44.769303,-69.593975,"Skowhegan Area Middle School","Skowhegan Area Middle School, Maine",1248,538,304,56.51,44,8.18,348,64.68,Somerset,0.67,44.769303,-69.593975,0.67
"Rsu 59/Msad 59",,,"Madison Area Memorial H S","Madison Area Memorial H S, Maine",1253,265,115,43.4,45,16.98,160,60.38,Somerset,0,,,0
"Rsu 59/Msad 59",,,"Madison Elementary School","Madison Elementary School, Maine",1253,241,160,66.39,19,7.88,179,74.27,Somerset,0,,,0
"Rsu 59/Msad 59",,,"Madison Junior High School","Madison Junior High School, Maine",1253,193,101,52.33,26,13.47,127,65.8,Somerset,0,,,0
"Rsu 74/Msad 74",,,"Carrabec Community School","Carrabec Community School, Maine",1265,261,183,70.11,24,9.2,207,79.31,Somerset,0,,,0
"Rsu 74/Msad 74",,,"Carrabec High School","Carrabec High School, Maine",1265,226,98,43.36,27,11.95,125,55.31,Somerset,0,,,0
"Rsu 74/Msad 74",,,"Garret Schenck School","Garret Schenck School, Maine",1265,80,47,58.75,4,5,51,63.75,Somerset,0,,,0
"Rsu 74/Msad 74",,,"Solon Elementary School","Solon Elementary School, Maine",1265,110,61,55.45,11,10,72,65.45,Somerset,0,,,0
"Rsu 82/Msad 12",,,"Forest Hills Consolidated School","Forest Hills Consolidated School, Maine",1206,164,57,34.76,17,10.37,74,45.12,Somerset,0,,,0
"Rsu 83/Msad 13",,,"Moscow Elementary","Moscow Elementary, Maine",1207,72,43,59.72,10,13.89,53,73.61,Somerset,0,,,0
"Rsu 83/Msad 13",,,"Quimby Middle School","Quimby Middle School, Maine",1207,51,23,45.1,9,17.65,32,62.75,Somerset,0,,,0
"Rsu 83/Msad 13",,,"Upper Kennebec Valley Senior Hs","Upper Kennebec Valley Senior Hs, Maine",1207,68,29,42.65,12,17.65,41,60.29,Somerset,0,,,0
"Islesboro School Department",44.309021,-68.900772,"Islesboro Central School","Islesboro Central School, Maine",1079,96,21,21.88,7,7.29,28,29.17,Waldo,0.67,44.309021,-68.900772,0.67
"Lincolnville School Department",44.478694,-69.149559,"Lincolnville Central School","Lincolnville Central School, Maine",1091,181,57,31.49,13,7.18,70,38.67,Waldo,0.67,44.478694,-69.149559,0.67
"Rsu 03/Msad 03",,,"Monroe Elementary School","Monroe Elementary School, Maine",1197,65,40,61.54,2,3.08,42,64.62,Waldo,0,,,0
"Rsu 03/Msad 03",,,"Morse Memorial School","Morse Memorial School, Maine",1197,101,65,64.36,5,4.95,70,69.31,Waldo,0,,,0
"Rsu 03/Msad 03",,,"Mt View Elementary School","Mt View Elementary School, Maine",1197,251,141,56.18,28,11.16,169,67.33,Waldo,0,,,0
"Rsu 03/Msad 03",,,"Mt View High School","Mt View High School, Maine",1197,451,235,52.11,38,8.43,273,60.53,Waldo,0,,,0
"Rsu 03/Msad 03",,,"Mt View Jr High School","Mt View Jr High School, Maine",1197,319,188,58.93,31,9.72,219,68.65,Waldo,0,,,0
"Rsu 03/Msad 03",44.682568,-69.256714,"Troy Central School","Troy Central School, Maine",1197,79,53,67.09,11,13.92,64,81.01,Waldo,0.53,44.682568,-69.256714,0.53
"Rsu 03/Msad 03",,,"Unity Elementary School","Unity Elementary School, Maine",1197,39,25,64.1,3,7.69,28,71.79,Waldo,0,,,0
"Rsu 03/Msad 03",,,"Walker Memorial School","Walker Memorial School, Maine",1197,88,43,48.86,9,10.23,52,59.09,Waldo,0,,,0
"Rsu 12 Sheepscot Valley Regional School Unit",,,"Palermo Consolidated School","Palermo Consolidated School, Maine",3160,134,34,25.37,19,14.18,53,39.55,Waldo,0,,,0
"Rsu 20",,,"Ames Elementary School","Ames Elementary School, Maine",3166,139,60,43.17,13,9.35,73,52.52,Waldo,0,,,0
"Rsu 20",44.404619,-69.040297,"Belfast Area High School","Belfast Area High School, Maine",3166,549,239,43.53,40,7.29,279,50.82,Waldo,0.67,44.404619,-69.040297,0.67
"Rsu 20",,,"Captain Albert W. Stevens School","Captain Albert W. Stevens School, Maine",3166,331,156,47.13,19,5.74,175,52.87,Waldo,0,,,0
"Rsu 20",44.41758,-68.52252,"East Belfast School","East Belfast School, Maine",3166,116,79,68.1,4,3.45,83,71.55,Waldo,0.67,44.417580,-68.522520,0.67
"Rsu 20",,,"Edna Drinkwater School","Edna Drinkwater School, Maine",3166,90,62,68.89,3,3.33,65,72.22,Waldo,0,,,0
"Rsu 20",,,"Gladys Weymouth Elem School","Gladys Weymouth Elem School, Maine",3166,102,33,32.35,9,8.82,42,41.18,Waldo,0,,,0
"Rsu 20",,,"Kermit S Nickerson School","Kermit S Nickerson School, Maine",3166,74,51,68.92,7,9.46,58,78.38,Waldo,0,,,0
"Rsu 20",44.489412,-68.933051,"Searsport District High School","Searsport District High School, Maine",3166,160,83,51.88,21,13.13,104,65,Waldo,0.67,44.489412,-68.933051,0.67
"Rsu 20",44.489412,-68.933051,"Searsport District Middle School","Searsport District Middle School, Maine",3166,156,98,62.82,17,10.9,115,73.72,Waldo,0.67,44.489412,-68.933051,0.67
"Rsu 20",44.489412,-68.933051,"Searsport Elementary","Searsport Elementary, Maine",3166,221,140,63.35,19,8.6,159,71.95,Waldo,0.67,44.489412,-68.933051,0.67
"Rsu 20",,,"Stockton Springs Elementary Sch","Stockton Springs Elementary Sch, Maine",3166,34,10,29.41,2,5.88,12,35.29,Waldo,0,,,0
"Rsu 20",,,"Troy A Howard Middle School","Troy A Howard Middle School, Maine",3166,364,187,51.37,19,5.22,206,56.59,Waldo,0,,,0
"Rsu 22/Msad 22",,,"Leroy H Smith School","Leroy H Smith School, Maine",1216,325,167,51.38,22,6.77,189,58.15,Waldo,0,,,0
"Rsu 22/Msad 22",,,"Samuel L Wagner Middle School","Samuel L Wagner Middle School, Maine",1216,223,87,39.01,14,6.28,101,45.29,Waldo,0,,,0
"Sweetser Children'S Services",44.404619,-69.040297,"Belfast Crisis Unit","Belfast Crisis Unit, Maine",1396,4,4,100,0,0,4,100,Waldo,0.67,44.404619,-69.040297,0.67
"Sweetser Children'S Services",44.404619,-69.040297,"Belfast Me 2","Belfast Me 2, Maine",1396,4,3,75,0,0,3,75,Waldo,1,44.404619,-69.040297,1
"Sweetser Children'S Services",44.404619,-69.040297,"Belfast Me 3","Belfast Me 3, Maine",1396,6,5,83.33,0,0,5,83.33,Waldo,1,44.404619,-69.040297,1
"Sweetser Children'S Services",,,"Plymouth Farm Sis","Plymouth Farm Sis, Maine",1396,5,5,100,0,0,5,100,Waldo,0,,,0
"Sweetser Children'S Services",,,"Sis Belfast","Sis Belfast, Maine",1396,8,8,100,0,0,8,100,Waldo,0,,,0
"Sweetser Children'S Services",,,"The School At Sweetser--Belfast","The School At Sweetser--Belfast, Maine",1396,29,18,62.07,0,0,18,62.07,Waldo,0,,,0
"Alexander School Department",,,"Alexander Elementary","Alexander Elementary, Maine",1001,54,28,51.85,7,12.96,35,64.81,Washington,0,,,0
"Baileyville School Department",45.157019,-67.404717,"Woodland Elementary School","Woodland Elementary School, Maine",1009,127,67,52.76,13,10.24,80,62.99,Washington,0.6,45.157019,-67.404717,0.6
"Baileyville School Department",45.157019,-67.404717,"Woodland Jr-Sr High School","Woodland Jr-Sr High School, Maine",1009,177,75,42.37,23,12.99,98,55.37,Washington,0.6,45.157019,-67.404717,0.6
"Beals School Department",,,"Beals Elementary School","Beals Elementary School, Maine",1014,56,29,51.79,6,10.71,35,62.5,Washington,0,,,0
"Calais School Department",,,"Calais Elementary School","Calais Elementary School, Maine",1028,278,164,58.99,18,6.47,182,65.47,Washington,0,,,0
"Calais School Department",,,"Calais Middle/High School","Calais Middle/High School, Maine",1028,280,128,45.71,26,9.29,154,55,Washington,0,,,0
"Charlotte School Department",,,"Charlotte Elementary School","Charlotte Elementary School, Maine",1035,40,25,62.5,0,0,25,62.5,Washington,0,,,0
"Cherryfield Public Schools",44.603258,-67.923248,"Cherryfield Elementary","Cherryfield Elementary, Maine",3230,109,68,62.39,12,11.01,80,73.39,Washington,0.67,44.603258,-67.923248,0.67
"Cutler School Department",,,"Bay Ridge Elementary","Bay Ridge Elementary, Maine",3136,53,17,32.08,6,11.32,23,43.4,Washington,0,,,0
"East Machias School Department",,,"Elm Street School-East Machias","Elm Street School-East Machias, Maine",3129,157,60,38.22,24,15.29,84,53.5,Washington,0,,,0
"East Range Csd",44.735628,-68.767536,"East Range I I School","East Range I I School, Maine",1288,36,19,52.78,10,27.78,29,80.56,Washington,0.53,44.735628,-68.767536,0.53
"Edmunds Consolodated School",44.872023,-67.164152,"Edmunds Consolidated School","Edmunds Consolidated School, Maine",5603,55,27,49.09,8,14.55,35,63.64,Washington,0.53,44.872023,-67.164152,0.53
"Eastport School Department",43.732391,-70.845114,"Eastport Elementary School","Eastport Elementary School, Maine",1054,90,48,53.33,13,14.44,61,67.78,Washington,0.67,43.732391,-70.845114,0.67
"Eastport School Department",,,"Shead High School","Shead High School, Maine",1054,110,61,55.45,1,0.91,62,56.36,Washington,0,,,0
"Jonesport School Department",44.53286,-67.59833,"Jonesport Elementary School","Jonesport Elementary School, Maine",1083,124,72,58.06,17,13.71,89,71.77,Washington,0.67,44.532860,-67.598330,0.67
"Jonesboro School Department",44.66258,-67.57249,"Jonesboro Elementary School","Jonesboro Elementary School, Maine",1082,63,35,55.56,7,11.11,42,66.67,Washington,0.67,44.662580,-67.572490,0.67
"Machiasport School Department",,,"Fort O'Brien School","Fort O'Brien School, Maine",3137,51,37,72.55,4,7.84,41,80.39,Washington,0,,,0
"Moosabec Csd",44.53286,-67.59833,"Jonesport-Beals High School","Jonesport-Beals High School, Maine",1292,61,32,52.46,9,14.75,41,67.21,Washington,0.67,44.532860,-67.598330,0.67
"Machias School Department",,,"Machias Memorial High School","Machias Memorial High School, Maine",1095,104,72,69.23,8,7.69,80,76.92,Washington,0,,,0
"Machias School Department",,,"Rose M Gaffney School","Rose M Gaffney School, Maine",1095,353,213,60.34,35,9.92,248,70.25,Washington,0,,,0
"N F I North",,,"N.F.I. Stetson","N.F.I. Stetson, Maine",5099,8,6,75,0,0,6,75,Washington,0,,,0
"Perry School Department",,,"Perry Elementary School","Perry Elementary School, Maine",1129,96,55,57.29,5,5.21,60,62.5,Washington,0,,,0
"Princeton School Department",45.209229,-67.575432,"Princeton Elementary School","Princeton Elementary School, Maine",1136,119,70,58.82,14,11.76,84,70.59,Washington,0.67,45.209229,-67.575432,0.67
"Pembroke School Department",,,"Pembroke Elementary School","Pembroke Elementary School, Maine",1127,101,46,45.54,18,17.82,64,63.37,Washington,0,,,0
"Pleasant Point",,,"Beatrice Rafferty School","Beatrice Rafferty School, Maine",1272,126,109,86.51,4,3.17,113,89.68,Washington,0,,,0
"Robbinston School Department",45.07813,-67.10943,"Robbinston Grade School","Robbinston Grade School, Maine",1143,50,24,48,5,10,29,58,Washington,0.67,45.078130,-67.109430,0.67
"Rsu 24",,,"Ella Lewis School","Ella Lewis School, Maine",3169,103,76,73.79,8,7.77,84,81.55,Washington,0,,,0
"Rsu 37/Msad 37",,,"Daniel W Merritt School","Daniel W Merritt School, Maine",1231,141,76,53.9,10,7.09,86,60.99,Washington,0,,,0
"Rsu 37/Msad 37",44.61924,-67.81028,"Harrington Elementary School","Harrington Elementary School, Maine",1231,169,90,53.25,14,8.28,104,61.54,Washington,0.67,44.619240,-67.810280,0.67
"Rsu 37/Msad 37",44.53536,-67.88083,"Milbridge Elementary School","Milbridge Elementary School, Maine",1231,119,81,68.07,10,8.4,91,76.47,Washington,0.67,44.535360,-67.880830,0.67
"Rsu 37/Msad 37",,,"Narraguagus High School","Narraguagus High School, Maine",1231,204,94,46.08,22,10.78,116,56.86,Washington,0,,,0
"Rsu 84 /Msad 14",47.45587,-69.18201,"East Grand School","East Grand School, Maine",1208,142,96,67.61,19,13.38,115,80.99,Washington,0.67,47.455870,-69.182010,0.67
"Rsu 85/Msad 19",,,"Lubec Consolidated School","Lubec Consolidated School, Maine",1213,91,65,71.43,10,10.99,75,82.42,Washington,0,,,0
"Vanceboro School Department",45.5634,-67.42972,"Vanceboro Elementary School","Vanceboro Elementary School, Maine",1165,11,4,36.36,3,27.27,7,63.64,Washington,0.67,45.563400,-67.429720,0.67
"Washington Academy",44.27369,-69.36727,"Washington Academy","Washington Academy, Maine",1336,371,115,31,37,9.97,152,40.97,Washington,0.67,44.273690,-69.367270,0.67
"Wesley School Department",,,"Wesley Elementary School","Wesley Elementary School, Maine",1173,6,5,83.33,0,0,5,83.33,Washington,0,,,0
"Whiting School Department",,,"Whiting Village School","Whiting Village School, Maine",3138,31,14,45.16,6,19.35,20,64.52,Washington,0,,,0
"Acton School Department",,,"Acton Elementary School","Acton Elementary School, Maine",1000,206,78,37.86,19,9.22,97,47.09,York,0,,,0
"Biddeford School Department",43.45813,-70.505301,"Biddeford High School","Biddeford High School, Maine",1016,800,321,40.13,45,5.63,366,45.75,York,0.67,43.458130,-70.505301,0.67
"Biddeford School Department",43.45813,-70.505301,"Biddeford Intermediate School","Biddeford Intermediate School, Maine",1016,369,199,53.93,24,6.5,223,60.43,York,0.67,43.458130,-70.505301,0.67
"Biddeford School Department",43.45813,-70.505301,"Biddeford Middle School","Biddeford Middle School, Maine",1016,590,265,44.92,30,5.08,295,50,York,0.67,43.458130,-70.505301,0.67
"Biddeford School Department",43.45813,-70.505301,"Biddeford Primary School","Biddeford Primary School, Maine",1016,540,301,55.74,19,3.52,320,59.26,York,0.67,43.458130,-70.505301,0.67
"Biddeford School Department",,,"John F Kennedy Memorial School","John F Kennedy Memorial School, Maine",1016,204,124,60.78,8,3.92,132,64.71,York,0,,,0
"Good Shepard Parish Schools",,,"St James School","St James School, Maine",5005,158,12,7.59,3,1.9,15,9.49,York,0,,,0
"Kittery School Department",,,"Horace Mitchell Primary School","Horace Mitchell Primary School, Maine",1085,415,117,28.19,41,9.88,158,38.07,York,0,,,0
"Kittery School Department",,,"Robert W Traip Academy","Robert W Traip Academy, Maine",1085,280,63,22.5,27,9.64,90,32.14,York,0,,,0
"Kittery School Department",,,"Shapleigh Middle School","Shapleigh Middle School, Maine",1085,407,120,29.48,50,12.29,170,41.77,York,0,,,0
"N F I North",,,"N.F.I. Beacon House","N.F.I. Beacon House, Maine",5099,8,8,100,0,0,8,100,York,0,,,0
"Rsu 06/ Msad 06",,,"Bonny Eagle Middle School","Bonny Eagle Middle School, Maine",1200,886,310,34.99,84,9.48,394,44.47,York,0,,,0
"Rsu 06/ Msad 06",,,"Buxton Center Elem","Buxton Center Elem, Maine",1200,701,249,35.52,68,9.7,317,45.22,York,0,,,0
"Rsu 06/ Msad 06",,,"H B Emery Jr Memorial School","H B Emery Jr Memorial School, Maine",1200,186,90,48.39,19,10.22,109,58.6,York,0,,,0
"Rsu 06/ Msad 06",,,"Hollis School","Hollis School, Maine",1200,333,120,36.04,23,6.91,143,42.94,York,0,,,0
"Rsu 21",43.38409,-70.54419,"Kennebunk Elementary School","Kennebunk Elementary School, Maine",3167,464,110,23.71,20,4.31,130,28.02,York,0.67,43.384090,-70.544190,0.67
"Rsu 21",43.38409,-70.54419,"Kennebunk High School","Kennebunk High School, Maine",3167,675,107,15.85,35,5.19,142,21.04,York,0.67,43.384090,-70.544190,0.67
"Rsu 21",43.38409,-70.54419,"Kennebunkport Consolidated Sch","Kennebunkport Consolidated Sch, Maine",3167,200,33,16.5,3,1.5,36,18,York,0.67,43.384090,-70.544190,0.67
"Rsu 21",,,"Middle School Of The Kennebunks","Middle School Of The Kennebunks, Maine",3167,518,82,15.83,24,4.63,106,20.46,York,0,,,0
"Rsu 21",,,"Mildred L Day School","Mildred L Day School, Maine",3167,251,79,31.47,9,3.59,88,35.06,York,0,,,0
"Rsu 21",,,"Sea Road School","Sea Road School, Maine",3167,269,45,16.73,11,4.09,56,20.82,York,0,,,0
"Rsu 23 Old Orchard/ Dayton/ Saco",,,"C K Burns School","C K Burns School, Maine",3168,608,214,35.2,39,6.41,253,41.61,York,0,,,0
"Rsu 23 Old Orchard/ Dayton/ Saco",,,"Dayton Consolidated School","Dayton Consolidated School, Maine",3168,142,26,18.31,13,9.15,39,27.46,York,0,,,0
"Rsu 23 Old Orchard/ Dayton/ Saco",,,"Governor John Fairfield School","Governor John Fairfield School, Maine",3168,287,139,48.43,18,6.27,157,54.7,York,0,,,0
"Rsu 23 Old Orchard/ Dayton/ Saco",,,"Jameson Elementary School","Jameson Elementary School, Maine",3168,242,103,42.56,13,5.37,116,47.93,York,0,,,0
"Rsu 23 Old Orchard/ Dayton/ Saco",,,"Loranger Middle School","Loranger Middle School, Maine",3168,319,157,49.22,20,6.27,177,55.49,York,0,,,0
"Rsu 23 Old Orchard/ Dayton/ Saco",43.52395,-70.39069,"Old Orchard Beach High School","Old Orchard Beach High School, Maine",3168,228,101,44.3,17,7.46,118,51.75,York,0.67,43.523950,-70.390690,0.67
"Rsu 23 Old Orchard/ Dayton/ Saco",,,"Saco Middle School","Saco Middle School, Maine",3168,693,205,29.58,40,5.77,245,35.35,York,0,,,0
"Rsu 23 Old Orchard/ Dayton/ Saco",,,"Young School","Young School, Maine",3168,303,73,24.09,7,2.31,80,26.4,York,0,,,0
"Rsu 35/Msad 35",44.180965,-70.891727,"Central School","Central School, Maine",1229,566,96,16.96,26,4.59,122,21.55,York,0.67,44.180965,-70.891727,0.67
"Rsu 35/Msad 35",,,"Eliot Elementary School","Eliot Elementary School, Maine",1229,302,55,18.21,11,3.64,66,21.85,York,0,,,0
"Rsu 35/Msad 35",,,"Marshwood Great Works School","Marshwood Great Works School, Maine",1229,346,89,25.72,19,5.49,108,31.21,York,0,,,0
"Rsu 35/Msad 35",,,"Marshwood High School","Marshwood High School, Maine",1229,795,0,0,0,0,0,0,York,0,,,0
"Rsu 35/Msad 35",,,"Marshwood Middle School","Marshwood Middle School, Maine",1229,566,109,19.26,28,4.95,137,24.2,York,0,,,0
"Rsu 55/Msad 55",,,"Cornish Elementary School","Cornish Elementary School, Maine",1249,96,52,54.17,9,9.38,61,63.54,York,0,,,0
"Rsu 57/Msad 57",43.467224,-70.738992,"Alfred Elementary School","Alfred Elementary School, Maine",1251,206,67,32.52,10,4.85,77,37.38,York,0.67,43.467224,-70.738992,0.67
"Rsu 57/Msad 57",,,"Line Elementary","Line Elementary, Maine",1251,290,152,52.41,28,9.66,180,62.07,York,0,,,0
"Rsu 57/Msad 57",,,"Lyman Elementary School","Lyman Elementary School, Maine",1251,259,91,35.14,13,5.02,104,40.15,York,0,,,0
"Rsu 57/Msad 57",,,"Massabesic High School","Massabesic High School, Maine",1251,1072,372,34.7,99,9.24,471,43.94,York,0,,,0
"Rsu 57/Msad 57",,,"Massabesic Middle School","Massabesic Middle School, Maine",1251,746,290,38.87,63,8.45,353,47.32,York,0,,,0
"Rsu 57/Msad 57",,,"Shapleigh Memorial School","Shapleigh Memorial School, Maine",1251,145,52,35.86,12,8.28,64,44.14,York,0,,,0
"Rsu 57/Msad 57",43.573684,-70.749181,"Waterboro Elementary School","Waterboro Elementary School, Maine",1251,518,225,43.44,37,7.14,262,50.58,York,0.67,43.573684,-70.749181,0.67
"Rsu 60/Msad 60",,,"Berwick Elem Schools","Berwick Elem Schools, Maine",1254,658,230,34.95,64,9.73,294,44.68,York,0,,,0
"Rsu 60/Msad 60",,,"Lebanon School","Lebanon School, Maine",1254,449,196,43.65,44,9.8,240,53.45,York,0,,,0
"Rsu 60/Msad 60",,,"Noble High School","Noble High School, Maine",1254,1097,433,39.47,107,9.75,540,49.23,York,0,,,0
"Rsu 60/Msad 60",,,"Noble Middle School","Noble Middle School, Maine",1254,488,189,38.73,55,11.27,244,50,York,0,,,0
"Rsu 60/Msad 60",44.101552,-70.698919,"North Berwick Elementary School","North Berwick Elementary School, Maine",1254,341,100,29.33,20,5.87,120,35.19,York,0.67,44.101552,-70.698919,0.67
"Sanford School Department",,,"Carl J Lamb School","Carl J Lamb School, Maine",1148,523,296,56.6,41,7.84,337,64.44,York,0,,,0
"Sanford School Department",,,"Lafayette School","Lafayette School, Maine",1148,134,93,69.4,6,4.48,99,73.88,York,0,,,0
"Sanford School Department",,,"Margaret Chase Smith Sch.-Sanford","Margaret Chase Smith Sch.-Sanford, Maine",1148,396,186,46.97,29,7.32,215,54.29,York,0,,,0
"Sanford School Department",43.44007,-70.78015,"Sanford High School","Sanford High School, Maine",1148,1074,440,40.97,84,7.82,524,48.79,York,0.67,43.440070,-70.780150,0.67
"Sanford School Department",43.44007,-70.78015,"Sanford Jr High School","Sanford Jr High School, Maine",1148,591,299,50.59,64,10.83,363,61.42,York,0.67,43.440070,-70.780150,0.67
"Sanford School Department",,,"Willard School","Willard School, Maine",1148,448,264,58.93,34,7.59,298,66.52,York,0,,,0
"St Thomas School",,,"St Thomas School","St Thomas School, Maine",1401,146,10,6.85,5,3.42,15,10.27,York,0,,,0
"Sweetser Children'S Services",44.404619,-69.040297,"Belfast Cottage Staff Intensive","Belfast Cottage Staff Intensive, Maine",1396,6,6,100,0,0,6,100,York,0.67,44.404619,-69.040297,0.67
"Sweetser Children'S Services",43.627028,-70.216159,"Cape Cottage Staff Intensive","Cape Cottage Staff Intensive, Maine",1396,5,3,60,0,0,3,60,York,0.6,43.627028,-70.216159,0.6
"Sweetser Children'S Services",44.250346,-70.812568,"East Staff Intensive","East Staff Intensive, Maine",1396,7,5,71.43,0,0,5,71.43,York,0.6,44.250346,-70.812568,0.6
"Sweetser Children'S Services",43.658784,-70.262393,"Portland Adolescent Staff Intensive","Portland Adolescent Staff Intensive, Maine",1396,8,7,87.5,0,0,7,87.5,York,0.67,43.658784,-70.262393,0.67
"Sweetser Children'S Services",,,"Saco Crisis Unit","Saco Crisis Unit, Maine",1396,12,8,66.67,0,0,8,66.67,York,0,,,0
"Sweetser Children'S Services",,,"Saco Family Focus","Saco Family Focus, Maine",1396,6,3,50,0,0,3,50,York,0,,,0
"Sweetser Children'S Services",,,"The School At Sweetser-Saco","The School At Sweetser-Saco, Maine",1396,66,56,84.85,0,0,56,84.85,York,0,,,0
"Sweetser Children'S Services",44.16647,-68.691416,"West Staff Intensive","West Staff Intensive, Maine",1396,8,6,75,0,0,6,75,York,0.53,44.166470,-68.691416,0.53
"Wells-Ogunquit Csd",,,"Wells Elementary School","Wells Elementary School, Maine",1293,469,92,19.62,30,6.4,122,26.01,York,0,,,0
"Wells-Ogunquit Csd",,,"Wells High School","Wells High School, Maine",1293,450,75,16.67,26,5.78,101,22.44,York,0,,,0
"Wells-Ogunquit Csd",,,"Wells Junior High School","Wells Junior High School, Maine",1293,421,66,15.68,29,6.89,95,22.57,York,0,,,0
"York School Department",,,"Coastal Ridge Elementary","Coastal Ridge Elementary, Maine",1191,314,37,11.78,15,4.78,52,16.56,York,0,,,0
"York School Department",,,"Village Elementary School-York","Village Elementary School-York, York, Maine",1191,308,34,11.04,12,3.9,46,14.94,York,0,,,0
"York School Department",,,"York High School","York High School, York, Maine",1191,628,43,6.85,17,2.71,60,9.55,York,0,40.110930,-76.715800,0.67
"York School Department",,,"York Middle School","York Middle School,York, Maine",1191,580,40,6.9,20,3.45,60,10.34,York,0,,,0
